0,1,2,3,4,5,6,7,8,9,10,11,12,13,14,15,16,17,18,19,20,21,22,23,24,25,26,27,28,29,30,31,32,33,34,35,36,37,38,39
0.007496535214784217,0.008945078847176546,1.0,0.009701398513342951,0.0038395372609585365,1.0,0.00603964045708949,0.0007988540576207015,1.0,0.009434576094761837,0.00452588857461933,1.0,0.009851517474402272,0.008282808203290415,1.0,0.009155816883691159,0.0016031350196072935,1.0,0.1855286016283344,0.008100375719521935,1.0,0.17485321124645736,0.001827254199142203,1.0,0.002252823962450634,0.003436215254382091,1.0,0.0,0.0,1.0,0.007093173468781799,0.002119111384182304,0.007248018120044719,0.01332845561317697,0.006384436130105087,0.009361879192312017,0.09785165552910513,0.09811485516370766,0.0,0.008261134094809108
0.012788207131166018,0.005383360521975078,0.5324238518844879,0.007402041073476084,0.0014709915479897973,1.0,0.009470609918636796,0.005206324720319344,1.0,0.007059665560561257,0.009494527118434348,1.0,0.012151151236366786,0.0002981810952746855,1.0,0.002659946801131241,0.007332858330357794,1.0,0.18684722774553109,0.003378029023465956,1.0,0.18744988489690684,0.01391524351679152,0.9993858436972118,0.003966239370470248,0.00018408296010363756,0.5342726687022434,0.0,0.0,0.5362610469068869,0.009988339064349816,0.007411978292729771,0.007743726430014419,0.005756903636886079,0.009956889507854783,0.0040303150503504526,0.10466372705909066,0.10181957031519318,0.0,0.007589544528762815
1.0,1.0,1.0,1.0,1.0,1.0,1.0,1.0,1.0,1.0,1.0,1.0,1.0,1.0,1.0,1.0,1.0,1.0,1.0,1.0,1.0,1.0,1.0,1.0,1.0,1.0,1.0,1.0,1.0,1.0,1.0,1.0,1.0,1.0,1.0,1.0,1.0,1.0,1.0,1.0
1.0,1.0,1.0,1.0,1.0,1.0,1.0,1.0,1.0,1.0,1.0,1.0,1.0,1.0,1.0,1.0,1.0,1.0,1.0,1.0,1.0,1.0,1.0,1.0,1.0,1.0,1.0,1.0,1.0,1.0,1.0,1.0,1.0,1.0,1.0,1.0,1.0,1.0,1.0,1.0
0.007496535214784217,0.008890701468175166,1.0,0.009669900466207082,0.0038395372609585365,1.0,0.00603964045708949,0.0007988540576207015,1.0,0.009434576094761837,0.00452588857461933,1.0,0.009851517474402272,0.008282808203290415,1.0,0.009155816883691159,0.0016031350196072935,1.0,0.1855286016283344,0.008100375719521935,1.0,0.17485321124645736,0.001827254199142203,1.0,0.002252823962450634,0.003436215254382091,1.0,0.0,0.0,1.0,0.007162790995046464,0.002119111384182304,0.007248018120044719,0.01332845561317697,0.006384436130105087,0.009361879192312017,0.09785165552910513,0.09811485516370766,0.0,0.008130758802131766
1.0,1.0,1.0,1.0,1.0,1.0,1.0,1.0,1.0,1.0,1.0,1.0,1.0,1.0,1.0,1.0,1.0,1.0,1.0,1.0,1.0,1.0,1.0,1.0,1.0,1.0,1.0,1.0,1.0,1.0,1.0,1.0,1.0,1.0,1.0,1.0,1.0,1.0,1.0,1.0
0.004472722691176045,0.012642740619924098,0.36541665356926956,0.005858636764571656,0.005410257049518918,1.0,0.00507556639354334,0.007575340201583458,1.0,0.011158826208585992,0.002779485918068758,1.0,0.003917894557517343,0.004870291223525669,1.0,0.005459890802200107,0.004007837548940074,1.0,0.18582162965441285,0.0058943159491491315,0.3654712789591059,0.1740772354568918,0.004111321948116142,0.36514151184806565,0.0011422769386939535,0.0,0.36325947505534373,0.0,0.0,0.3676410605030611,0.0025982255344985106,0.010535725288875142,0.0010345051115123738,0.012860296807573945,0.0016680599334861768,0.00078546472501273,0.10333103638423324,0.09663820198260709,0.0,0.014816188758345561
1.0,1.0,1.0,1.0,1.0,1.0,1.0,1.0,1.0,1.0,1.0,1.0,1.0,1.0,1.0,1.0,1.0,1.0,1.0,1.0,1.0,1.0,1.0,1.0,1.0,1.0,1.0,1.0,1.0,1.0,1.0,1.0,1.0,1.0,1.0,1.0,1.0,1.0,1.0,1.0
0.009008441476652251,0.011201740076131728,0.9845660579008353,0.00973289656046461,0.0009723503452789828,1.0,0.005415827827704334,0.0007713073659658676,1.0,0.01037803370417123,0.0046488746771586875,1.0,0.008062913437242969,0.009674319981442636,1.0,0.008623827523479122,0.001098444365268847,1.0,0.18609372710714922,0.008203784771268374,1.0,0.1745945526499213,0.0028111603064076007,0.9862582527252926,0.0016499555781166464,0.0034362152543678803,0.9851536457603487,0.0,0.0,0.9861590754588292,0.006632845335786897,0.0032947583025375593,0.010173459777099936,0.01505356538319802,0.004530226026624007,0.009232416075427352,0.09921967347047911,0.09772647738905249,0.0,0.010140599224556013
1.0,1.0,1.0,1.0,1.0,1.0,1.0,1.0,1.0,1.0,1.0,1.0,1.0,1.0,1.0,1.0,1.0,1.0,1.0,1.0,1.0,1.0,1.0,1.0,1.0,1.0,1.0,1.0,1.0,1.0,1.0,1.0,1.0,1.0,1.0,1.0,1.0,1.0,1.0,1.0
0.007496535214784217,0.008972267536691447,1.0,0.009701398513342951,0.0038395372609585365,1.0,0.00603964045708949,0.0007988540576207015,1.0,0.009434576094761837,0.00452588857461933,1.0,0.009851517474402272,0.008282808203290415,1.0,0.009155816883691159,0.0016031350196072935,1.0,0.1855286016283344,0.008100375719521935,1.0,0.17485321124645736,0.001827254199142203,1.0,0.002252823962450634,0.003436215254382091,1.0,0.0,0.0,1.0,0.007093173468781799,0.002119111384182304,0.007248018120044719,0.01332845561317697,0.006384436130105087,0.009361879192312017,0.09785165552910513,0.09811485516370766,0.0,0.008303696475572053
1.0,1.0,1.0,1.0,1.0,1.0,1.0,1.0,1.0,1.0,1.0,1.0,1.0,1.0,1.0,1.0,1.0,1.0,1.0,1.0,1.0,1.0,1.0,1.0,1.0,1.0,1.0,1.0,1.0,1.0,1.0,1.0,1.0,1.0,1.0,1.0,1.0,1.0,1.0,1.0
0.007496535214784217,0.008972267536691447,1.0,0.009701398513342951,0.0038395372609585365,1.0,0.00603964045708949,0.0007988540576207015,1.0,0.009434576094761837,0.00452588857461933,1.0,0.009851517474402272,0.008282808203290415,1.0,0.009155816883691159,0.0016031350196072935,1.0,0.1855286016283344,0.008100375719521935,1.0,0.17485321124645736,0.001827254199142203,1.0,0.002252823962450634,0.003436215254382091,1.0,0.0,0.0,1.0,0.007093173468781799,0.002119111384182304,0.007248018120044719,0.01332845561317697,0.006384436130105087,0.009361879192312017,0.09785165552910513,0.09811485516370766,0.0,0.008303696475572053
1.0,1.0,1.0,1.0,1.0,1.0,1.0,1.0,1.0,1.0,1.0,1.0,1.0,1.0,1.0,1.0,1.0,1.0,1.0,1.0,1.0,1.0,1.0,1.0,1.0,1.0,1.0,1.0,1.0,1.0,1.0,1.0,1.0,1.0,1.0,1.0,1.0,1.0,1.0,1.0
0.007528033261877454,0.008945078847190757,1.0,0.009701398513342951,0.0038395372609585365,1.0,0.00603964045708949,0.0007988540576207015,1.0,0.009434576094761837,0.00452588857461933,1.0,0.009851517474402272,0.008282808203290415,1.0,0.009155816883691159,0.0016031350196072935,1.0,0.1855286016283344,0.008100375719521935,1.0,0.17485321124645736,0.001827254199142203,1.0,0.002252823962450634,0.003436215254382091,1.0,0.0,0.0,1.0,0.007093173468781799,0.002119111384182304,0.007248018120044719,0.01332845561317697,0.006384436130105087,0.009361879192312017,0.09785165552910513,0.09811485516370766,0.0,0.008261134094809108
1.0,1.0,1.0,1.0,1.0,1.0,1.0,1.0,1.0,1.0,1.0,1.0,1.0,1.0,1.0,1.0,1.0,1.0,1.0,1.0,1.0,1.0,1.0,1.0,1.0,1.0,1.0,1.0,1.0,1.0,1.0,1.0,1.0,1.0,1.0,1.0,1.0,1.0,1.0,1.0
1.0,1.0,1.0,1.0,1.0,1.0,1.0,1.0,1.0,1.0,1.0,1.0,1.0,1.0,1.0,1.0,1.0,1.0,1.0,1.0,1.0,1.0,1.0,1.0,1.0,1.0,1.0,1.0,1.0,1.0,1.0,1.0,1.0,1.0,1.0,1.0,1.0,1.0,1.0,1.0
0.014961572382503618,0.008564437194053198,0.5342784396316063,0.008567468816977453,0.000772893864194657,1.0,0.012107636033661606,0.00366370998840182,1.0,0.007482594833746248,0.009076374369755058,1.0,0.011668512051826951,9.939369843436907e-05,1.0,0.003695926081519474,0.008282864267883383,1.0,0.1863030328400157,0.003240150287822985,1.0,0.17785365096605688,0.0,1.0,0.004061429115353121,0.00015340246675066282,0.5345808005827024,0.0,0.0,0.5367233174711004,0.007507326711859719,0.004986118168375242,0.012878501893212047,0.005243549172440964,0.011447806537638883,0.006016519162812983,0.09959609158613603,0.0962424654711782,0.0,0.009141503339129997
1.0,1.0,1.0,1.0,1.0,1.0,1.0,1.0,1.0,1.0,1.0,1.0,1.0,1.0,1.0,1.0,1.0,1.0,1.0,1.0,1.0,1.0,1.0,1.0,1.0,1.0,1.0,1.0,1.0,1.0,1.0,1.0,1.0,1.0,1.0,1.0,1.0,1.0,1.0,1.0
1.0,1.0,1.0,1.0,1.0,1.0,1.0,1.0,1.0,1.0,1.0,1.0,1.0,1.0,1.0,1.0,1.0,1.0,1.0,1.0,1.0,1.0,1.0,1.0,1.0,1.0,1.0,1.0,1.0,1.0,1.0,1.0,1.0,1.0,1.0,1.0,1.0,1.0,1.0,1.0
1.0,1.0,1.0,1.0,1.0,1.0,1.0,1.0,1.0,1.0,1.0,1.0,1.0,1.0,1.0,1.0,1.0,1.0,1.0,1.0,1.0,1.0,1.0,1.0,1.0,1.0,1.0,1.0,1.0,1.0,1.0,1.0,1.0,1.0,1.0,1.0,1.0,1.0,1.0,1.0
1.0,1.0,1.0,1.0,1.0,1.0,1.0,1.0,1.0,1.0,1.0,1.0,1.0,1.0,1.0,1.0,1.0,1.0,1.0,1.0,1.0,1.0,1.0,1.0,1.0,1.0,1.0,1.0,1.0,1.0,1.0,1.0,1.0,1.0,1.0,1.0,1.0,1.0,1.0,1.0
1.0,1.0,1.0,1.0,1.0,1.0,1.0,1.0,1.0,1.0,1.0,1.0,1.0,1.0,1.0,1.0,1.0,1.0,1.0,1.0,1.0,1.0,1.0,1.0,1.0,1.0,1.0,1.0,1.0,1.0,1.0,1.0,1.0,1.0,1.0,1.0,1.0,1.0,1.0,1.0
1.0,1.0,1.0,1.0,1.0,1.0,1.0,1.0,1.0,1.0,1.0,1.0,1.0,1.0,1.0,1.0,1.0,1.0,1.0,1.0,1.0,1.0,1.0,1.0,1.0,1.0,1.0,1.0,1.0,1.0,1.0,1.0,1.0,1.0,1.0,1.0,1.0,1.0,1.0,1.0
1.0,1.0,1.0,1.0,1.0,1.0,1.0,1.0,1.0,1.0,1.0,1.0,1.0,1.0,1.0,1.0,1.0,1.0,1.0,1.0,1.0,1.0,1.0,1.0,1.0,1.0,1.0,1.0,1.0,1.0,1.0,1.0,1.0,1.0,1.0,1.0,1.0,1.0,1.0,1.0
0.010394355549934176,0.003670473083175807,0.11932228962999147,0.004913695350936109,0.0005983694431961339,1.0,0.012419542348354184,0.01063302297387736,1.0,0.005855943782890449,0.0,1.0,0.0032933026715937785,0.0119603750455326,1.0,0.012823743525217424,0.00504690654311446,1.0,0.18500533729614688,0.00020681810347866758,1.0,0.0,0.44005200646569165,0.22567685142533378,0.0,0.0011658587470293469,0.11784643827560615,0.0,0.0,0.11809653297083855,0.00782806460081531,0.00727356183062966,0.008823226603517753,0.013966311326470304,0.007864201306389873,0.0009442948747846458,0.2986981293197175,0.0,0.0,0.004729352541062326
0.007370543026340215,0.008863512778646054,0.9999371326187401,0.009543908277706237,0.0037398090204447954,1.0,0.0060679955766289595,0.0006886672910297875,1.0,0.009239377968626172,0.004476694133572323,1.0,0.009936689095226825,0.008315939436101871,1.0,0.00918381632371279,0.0016625103906875438,1.0,0.18548674048174973,0.008100375719550357,1.0,0.17493080882542245,0.0018623937029929039,0.9998976406162257,0.002252823962450634,0.003466895747735066,0.9998599400543355,0.0,0.0,0.9999184228416169,0.006818965661160803,0.001904342615581811,0.007357455262336998,0.01300270577029039,0.006508393270962642,0.00936105195194159,0.09781389189937073,0.09811485516370766,0.0,0.00804653009070222
1.0,1.0,1.0,1.0,1.0,1.0,1.0,1.0,1.0,1.0,1.0,1.0,1.0,1.0,1.0,1.0,1.0,1.0,1.0,1.0,1.0,1.0,1.0,1.0,1.0,1.0,1.0,1.0,1.0,1.0,1.0,1.0,1.0,1.0,1.0,1.0,1.0,1.0,1.0,1.0
0.010740834068286631,0.009488852637261402,0.9083707918146473,0.013890638780409859,0.007679074521846019,1.0,0.007457396432911878,0.0013773345820453642,1.0,0.009987637451956743,0.0014512360103680066,1.0,0.011867245833698803,0.010303813404888729,1.0,0.006019879602433775,0.0022265764161062407,1.0,0.18450300353723037,0.00861742097822571,0.9085369723896974,0.17469801608855562,0.0018975332067867612,0.9088233788832696,0.0028239624317905054,0.0026692029207993073,0.907756519790496,0.0,0.0,0.910727396329051,0.011182492754983286,0.0051785617011432805,0.0005734963832466633,0.016486182493252954,0.005398783847482491,0.009322585275029383,0.09876326142947534,0.09886994332137533,0.0,0.00922528402548295
0.007496535214784217,0.008945078847176546,1.0,0.009701398513342951,0.0038395372609585365,1.0,0.00603964045708949,0.0007988540576207015,1.0,0.009434576094761837,0.00452588857461933,1.0,0.009851517474402272,0.008282808203290415,1.0,0.009155816883691159,0.0016031350196072935,1.0,0.1855286016283344,0.008100375719521935,1.0,0.17485321124645736,0.001827254199142203,1.0,0.002252823962450634,0.003436215254382091,1.0,0.0,0.0,1.0,0.007093173468781799,0.002119111384182304,0.007248018120044719,0.01332845561317697,0.006384436130105087,0.009361879192312017,0.09785165552910513,0.09811485516370766,0.0,0.008261134094809108
1.0,1.0,1.0,1.0,1.0,1.0,1.0,1.0,1.0,1.0,1.0,1.0,1.0,1.0,1.0,1.0,1.0,1.0,1.0,1.0,1.0,1.0,1.0,1.0,1.0,1.0,1.0,1.0,1.0,1.0,1.0,1.0,1.0,1.0,1.0,1.0,1.0,1.0,1.0,1.0
1.0,1.0,1.0,1.0,1.0,1.0,1.0,1.0,1.0,1.0,1.0,1.0,1.0,1.0,1.0,1.0,1.0,1.0,1.0,1.0,1.0,1.0,1.0,1.0,1.0,1.0,1.0,1.0,1.0,1.0,1.0,1.0,1.0,1.0,1.0,1.0,1.0,1.0,1.0,1.0
1.0,1.0,1.0,1.0,1.0,1.0,1.0,1.0,1.0,1.0,1.0,1.0,1.0,1.0,1.0,1.0,1.0,1.0,1.0,1.0,1.0,1.0,1.0,1.0,1.0,1.0,1.0,1.0,1.0,1.0,1.0,1.0,1.0,1.0,1.0,1.0,1.0,1.0,1.0,1.0
0.017985384906126,0.0053289831430021195,0.5267343538805278,0.010173869220139409,0.008028123363800432,1.0,0.005841154620455313,0.005454244945141795,1.0,0.012037217776054376,0.0007379166154635186,1.0,0.004627658064308093,0.004307060265730911,1.0,0.008175836483317767,0.004275026718872255,1.0,0.19197521820123598,0.005618558477777924,1.0,0.17477561366749228,0.0027057417949265528,1.0,0.05831958370355039,0.058016812910366866,0.9875906888148194,0.0,0.0,0.5293541808293725,0.021397799162670594,0.005459413167791638,0.010814067439206099,0.008605082891406823,0.0009110206476421467,0.00548667171006656,0.10224523051446965,0.12098499144751429,0.026390165779602626,0.003965021787465162
1.0,1.0,1.0,1.0,1.0,1.0,1.0,1.0,1.0,1.0,1.0,1.0,1.0,1.0,1.0,1.0,1.0,1.0,1.0,1.0,1.0,1.0,1.0,1.0,1.0,1.0,1.0,1.0,1.0,1.0,1.0,1.0,1.0,1.0,1.0,1.0,1.0,1.0,1.0,1.0
1.0,1.0,1.0,1.0,1.0,1.0,1.0,1.0,1.0,1.0,1.0,1.0,1.0,1.0,1.0,1.0,1.0,1.0,1.0,1.0,1.0,1.0,1.0,1.0,1.0,1.0,1.0,1.0,1.0,1.0,1.0,1.0,1.0,1.0,1.0,1.0,1.0,1.0,1.0,1.0
0.015497039183586026,0.008265361609517186,0.5339012353440751,0.008598966864099111,0.0007728938641804461,1.0,0.012135991153201076,0.0031678695388563938,1.0,0.007157264623600668,0.00892879104665667,1.0,0.011838855293447637,9.939369843436907e-05,1.0,0.003667926641497843,0.008401615010086516,1.0,0.18626117169344525,0.003378029023451745,1.0,0.17785365096605688,0.0,1.0,0.004061429115353121,0.00015340246675066282,0.5345808005827024,0.0,0.0,0.5367233174711004,0.007403965996822137,0.004730717470579293,0.012843039683346547,0.00507982150273989,0.011570905843598212,0.006094279756986509,0.0995558915932051,0.0962424654711782,0.0,0.00922214785006048
1.0,1.0,1.0,1.0,1.0,1.0,1.0,1.0,1.0,1.0,1.0,1.0,1.0,1.0,1.0,1.0,1.0,1.0,1.0,1.0,1.0,1.0,1.0,1.0,1.0,1.0,1.0,1.0,1.0,1.0,1.0,1.0,1.0,1.0,1.0,1.0,1.0,1.0,1.0,1.0
0.009795892654665295,0.0,0.2255681639581013,0.0008189492251773345,0.004612431125181615,0.0,0.009357189440549973,0.008759847942215515,0.0,0.008230854317133662,0.007723527241466854,0.0,0.014166879595720161,0.01262299970179015,0.0,0.010499790004189435,0.006917230732653934,0.0,0.18548674048177816,0.0,0.4283719454141419,0.1725252838777891,0.003338252863855473,0.433184912226821,0.0013643863434396053,0.0006136098668747536,0.22880192722493575,0.0,0.0,0.23211420802179816,0.0,0.007678988113141827,0.010807203785702768,0.014907745427343855,0.007156058608984495,0.00613729625586501,0.10471813917074257,0.09526170938551104,0.0,0.006070739572898276
0.0,0.012860250135972251,0.6266934900826726,0.008504472722776768,0.009848163753773065,1.0,0.003544389939591497,0.005096137953756852,1.0,0.010768429956371506,0.0112163325544401,1.0,0.01010703233684751,0.004141404101630997,1.0,0.0004759904802398296,0.012201638760231504,1.0,0.1829122799672973,0.0012409086208577946,0.6225007933989417,0.17681901657999788,0.0037599269098222976,0.6250831669993318,0.002570123112064948,0.0021783150273506635,0.6228745903246846,0.0,0.0,0.6254520734195381,0.006881479358227693,0.012406133546001286,0.0053925437843886925,0.004384831654704158,0.008196612324248065,0.0,0.09997169758072744,0.09622856563503035,0.0,0.006969029819657635
0.007496535214784217,0.008945078847176546,1.0,0.009701398513342951,0.0038395372609585365,1.0,0.00603964045708949,0.0007988540576207015,1.0,0.009434576094761837,0.00452588857461933,1.0,0.009851517474402272,0.008282808203290415,1.0,0.009155816883691159,0.0016031350196072935,1.0,0.1855286016283344,0.008100375719521935,1.0,0.17485321124645736,0.001827254199142203,1.0,0.002252823962450634,0.003436215254382091,1.0,0.0,0.0,1.0,0.007093173468781799,0.002119111384182304,0.007248018120044719,0.01332845561317697,0.006384436130105087,0.009361879192312017,0.09785165552910513,0.09811485516370766,0.0,0.008261134094809108
1.0,1.0,1.0,1.0,1.0,1.0,1.0,1.0,1.0,1.0,1.0,1.0,1.0,1.0,1.0,1.0,1.0,1.0,1.0,1.0,1.0,1.0,1.0,1.0,1.0,1.0,1.0,1.0,1.0,1.0,1.0,1.0,1.0,1.0,1.0,1.0,1.0,1.0,1.0,1.0
1.0,1.0,1.0,1.0,1.0,1.0,1.0,1.0,1.0,1.0,1.0,1.0,1.0,1.0,1.0,1.0,1.0,1.0,1.0,1.0,1.0,1.0,1.0,1.0,1.0,1.0,1.0,1.0,1.0,1.0,1.0,1.0,1.0,1.0,1.0,1.0,1.0,1.0,1.0,1.0
0.015276552853720204,0.008238172920002285,0.5339012353440609,0.008567468816977453,0.0008975541648510443,1.0,0.012192701392251593,0.00330560299707372,1.0,0.0071572646236148785,0.00880580494407468,1.0,0.011753683672623083,0.0,1.0,0.003667926641497843,0.008282864267883383,1.0,0.18628210226673048,0.0033435593395267915,1.0,0.17790538268538114,7.027900765876893e-05,1.0,0.004061429115353121,0.00015340246675066282,0.5345808005827024,0.0,0.0,0.5367233174711004,0.007199375715487122,0.005028536116434168,0.01280605221713671,0.00507982150273989,0.011488553694661618,0.006054985839718086,0.0995558915932051,0.0962424654711782,0.0,0.00922214785006048
1.0,1.0,1.0,1.0,1.0,1.0,1.0,1.0,1.0,1.0,1.0,1.0,1.0,1.0,1.0,1.0,1.0,1.0,1.0,1.0,1.0,1.0,1.0,1.0,1.0,1.0,1.0,1.0,1.0,1.0,1.0,1.0,1.0,1.0,1.0,1.0,1.0,1.0,1.0,1.0
1.0,1.0,1.0,1.0,1.0,1.0,1.0,1.0,1.0,1.0,1.0,1.0,1.0,1.0,1.0,1.0,1.0,1.0,1.0,1.0,1.0,1.0,1.0,1.0,1.0,1.0,1.0,1.0,1.0,1.0,1.0,1.0,1.0,1.0,1.0,1.0,1.0,1.0,1.0,1.0
0.007496535214798428,0.008972267536691447,1.0,0.009701398513342951,0.0038395372609585365,1.0,0.00603964045708949,0.0007988540576207015,1.0,0.009434576094761837,0.00452588857461933,1.0,0.009851517474402272,0.008282808203290415,1.0,0.009155816883691159,0.0016031350196072935,1.0,0.1855286016283344,0.008100375719521935,1.0,0.17485321124645736,0.001827254199142203,1.0,0.002252823962450634,0.003436215254382091,1.0,0.0,0.0,1.0,0.007162790995046464,0.002119111384182304,0.007248018120044719,0.01332845561317697,0.006384436130105087,0.009361879192312017,0.09785165552910513,0.09811485516370766,0.0,0.008261134094794897
1.0,1.0,1.0,1.0,1.0,1.0,1.0,1.0,1.0,1.0,1.0,1.0,1.0,1.0,1.0,1.0,1.0,1.0,1.0,1.0,1.0,1.0,1.0,1.0,1.0,1.0,1.0,1.0,1.0,1.0,1.0,1.0,1.0,1.0,1.0,1.0,1.0,1.0,1.0,1.0
0.007496535214784217,0.008945078847176546,1.0,0.009701398513342951,0.0038395372609585365,1.0,0.00603964045708949,0.0007988540576207015,1.0,0.009434576094761837,0.00452588857461933,1.0,0.009851517474402272,0.008282808203290415,1.0,0.009155816883691159,0.0016031350196072935,1.0,0.1855286016283344,0.008100375719521935,1.0,0.17485321124645736,0.001827254199142203,1.0,0.002252823962450634,0.003436215254382091,1.0,0.0,0.0,1.0,0.007093173468781799,0.002119111384182304,0.007248018120044719,0.01332845561317697,0.006384436130105087,0.009361879192312017,0.09785165552910513,0.09811485516370766,0.0,0.008261134094809108
0.014615093864193796,0.008210984230530016,0.534026970106595,0.008598966864127533,0.0,1.0,0.011852439958047967,0.0037463500633379,1.0,0.007319929728666352,0.00890419382609764,1.0,0.011924026914257979,3.313123276882379e-05,1.0,0.003555928881482373,0.0081047381546,1.0,0.18626117169344525,0.0032056806038980312,1.0,0.17813817542224797,0.00045681354980331434,1.0,0.004061429115353121,0.00015340246675066282,0.5345808005827024,0.0,0.0,0.5367233174711004,0.0064822441564800215,0.005158468988902598,0.012916251987597605,0.005491698921865407,0.011528443016807444,0.005855207291958209,0.09967324308772874,0.09635979644098569,0.0,0.009178689419179875
1.0,1.0,1.0,1.0,1.0,1.0,1.0,1.0,1.0,1.0,1.0,1.0,1.0,1.0,1.0,1.0,1.0,1.0,1.0,1.0,1.0,1.0,1.0,1.0,1.0,1.0,1.0,1.0,1.0,1.0,1.0,1.0,1.0,1.0,1.0,1.0,1.0,1.0,1.0,1.0
1.0,1.0,1.0,1.0,1.0,1.0,1.0,1.0,1.0,1.0,1.0,1.0,1.0,1.0,1.0,1.0,1.0,1.0,1.0,1.0,1.0,1.0,1.0,1.0,1.0,1.0,1.0,1.0,1.0,1.0,1.0,1.0,1.0,1.0,1.0,1.0,1.0,1.0,1.0,1.0
0.008126496157288443,0.012751495377941069,0.9948448747367138,0.010173869220139409,0.0024682739534966913,1.0,0.0050188561544786126,0.0005233871411718383,1.0,0.009467109115746553,0.0038863608412356143,1.0,0.009539221531426278,0.009044826557996544,1.0,0.009295814083756682,0.001068756679714511,1.0,0.18462858697692752,0.008410602874775464,0.9950809266899228,0.17506013812366916,0.0024246257642346336,0.9955217769588813,0.001681685493096552,0.003497576241059619,0.9947337460432948,0.0,0.0,0.9953772943575387,0.007660769422834335,0.0035394428871384775,0.00804648981320355,0.01562234848581312,0.006014280377321768,0.010071651424077288,0.09754548588593082,0.09803963252103642,0.0,0.010484234446138885
1.0,1.0,1.0,1.0,1.0,1.0,1.0,1.0,1.0,1.0,1.0,1.0,1.0,1.0,1.0,1.0,1.0,1.0,1.0,1.0,1.0,1.0,1.0,1.0,1.0,1.0,1.0,1.0,1.0,1.0,1.0,1.0,1.0,1.0,1.0,1.0,1.0,1.0,1.0,1.0
1.0,1.0,1.0,1.0,1.0,1.0,1.0,1.0,1.0,1.0,1.0,1.0,1.0,1.0,1.0,1.0,1.0,1.0,1.0,1.0,1.0,1.0,1.0,1.0,1.0,1.0,1.0,1.0,1.0,1.0,1.0,1.0,1.0,1.0,1.0,1.0,1.0,1.0,1.0,1.0
0.007496535214784217,0.008945078847176546,1.0,0.009701398513342951,0.0038395372609585365,1.0,0.00603964045708949,0.0007988540576207015,1.0,0.009434576094761837,0.00452588857461933,1.0,0.009851517474402272,0.008282808203290415,1.0,0.009155816883691159,0.0016031350196072935,1.0,0.1855286016283344,0.008100375719521935,1.0,0.17485321124645736,0.001827254199142203,1.0,0.002252823962450634,0.003436215254382091,1.0,0.0,0.0,1.0,0.007093173468781799,0.002119111384182304,0.007248018120044719,0.01332845561317697,0.006384436130105087,0.009361879192312017,0.09785165552910513,0.09811485516370766,0.0,0.008261134094809108
1.0,1.0,1.0,1.0,1.0,1.0,1.0,1.0,1.0,1.0,1.0,1.0,1.0,1.0,1.0,1.0,1.0,1.0,1.0,1.0,1.0,1.0,1.0,1.0,1.0,1.0,1.0,1.0,1.0,1.0,1.0,1.0,1.0,1.0,1.0,1.0,1.0,1.0,1.0,1.0
0.010362857502840939,0.0073953235454240485,0.0,0.010110873125910302,0.0036899449001310813,1.0,0.005245697110609626,0.004297283896164572,1.0,0.0005205283362670343,0.005731152379809146,1.0,0.007495102631821737,0.001258986846892185,1.0,0.009575808483830883,0.007570359814721428,1.0,0.18335182200637234,0.0009996208334257517,1.0,0.17619823594836248,0.0028111603064076007,0.0,0.0002538393196829247,0.0033441737743515887,0.0,0.0,0.0,0.0,0.007610332235444162,0.010992946118498992,0.007444776187711,0.0051028457062827215,0.004053698748101908,0.0030314223115865957,0.09842541906461832,0.0962911148976886,0.0,0.00823380456608902
0.007748519591785907,0.011364872213192712,0.9953792474774446,0.010016378984573748,0.0038146052008158904,1.0,0.005075566393486497,0.0002754669163920198,1.0,0.009239377968626172,0.003664985856616454,1.0,0.009113363427346144,0.008945432859547964,1.0,0.009547809043823463,0.0010687566797003,1.0,0.18464951755024117,0.008410602874789674,1.0,0.1750860039833526,0.0022840677489313066,0.9957776754183811,0.001776875237979425,0.003650978707767649,0.9951259138911439,0.0,0.0,0.9955676410604894,0.008031944499208521,0.004307430999404005,0.007457740866577467,0.015129459980101956,0.005191616722811432,0.01023461777566581,0.0975446737648582,0.09819661890573883,0.0,0.009325193614031946
1.0,1.0,1.0,1.0,1.0,1.0,1.0,1.0,1.0,1.0,1.0,1.0,1.0,1.0,1.0,1.0,1.0,1.0,1.0,1.0,1.0,1.0,1.0,1.0,1.0,1.0,1.0,1.0,1.0,1.0,1.0,1.0,1.0,1.0,1.0,1.0,1.0,1.0,1.0,1.0
1.0,1.0,1.0,1.0,1.0,1.0,1.0,1.0,1.0,1.0,1.0,1.0,1.0,1.0,1.0,1.0,1.0,1.0,1.0,1.0,1.0,1.0,1.0,1.0,1.0,1.0,1.0,1.0,1.0,1.0,1.0,1.0,1.0,1.0,1.0,1.0,1.0,1.0,1.0,1.0
0.015497039183586026,0.008265361609517186,0.5339012353440751,0.008598966864099111,0.0007728938641804461,1.0,0.012135991153201076,0.0031678695388563938,1.0,0.007157264623600668,0.00892879104665667,1.0,0.011838855293447637,9.939369843436907e-05,1.0,0.003667926641497843,0.008401615010086516,1.0,0.18626117169344525,0.003378029023451745,1.0,0.17785365096605688,0.0,1.0,0.004061429115353121,0.00015340246675066282,0.5345808005827024,0.0,0.0,0.5367233174711004,0.007403965996822137,0.004730717470579293,0.012843039683346547,0.00507982150273989,0.011570905843598212,0.006094279756986509,0.0995558915932051,0.0962424654711782,0.0,0.00922214785006048
1.0,1.0,1.0,1.0,1.0,1.0,1.0,1.0,1.0,1.0,1.0,1.0,1.0,1.0,1.0,1.0,1.0,1.0,1.0,1.0,1.0,1.0,1.0,1.0,1.0,1.0,1.0,1.0,1.0,1.0,1.0,1.0,1.0,1.0,1.0,1.0,1.0,1.0,1.0,1.0
1.0,1.0,1.0,1.0,1.0,1.0,1.0,1.0,1.0,1.0,1.0,1.0,1.0,1.0,1.0,1.0,1.0,1.0,1.0,1.0,1.0,1.0,1.0,1.0,1.0,1.0,1.0,1.0,1.0,1.0,1.0,1.0,1.0,1.0,1.0,1.0,1.0,1.0,1.0,1.0
1.0,1.0,1.0,1.0,1.0,1.0,1.0,1.0,1.0,1.0,1.0,1.0,1.0,1.0,1.0,1.0,1.0,1.0,1.0,1.0,1.0,1.0,1.0,1.0,1.0,1.0,1.0,1.0,1.0,1.0,1.0,1.0,1.0,1.0,1.0,1.0,1.0,1.0,1.0,1.0
0.015528537230679262,0.008238172920002285,0.533869801653438,0.008630464911206559,0.0007479618040520108,1.0,0.012135991153201076,0.0031678695388563938,1.0,0.007157264623600668,0.00892879104665667,1.0,0.011838855293447637,9.939369843436907e-05,1.0,0.003667926641497843,0.008401615010086516,1.0,0.18626117169344525,0.003378029023451745,1.0,0.17785365096605688,0.0,1.0,0.004061429115353121,0.00015340246675066282,0.5345808005827024,0.0,0.0,0.5367233174711004,0.007403965996822137,0.0047731354186453245,0.012843039683346547,0.00507982150273989,0.011570905843598212,0.006094279756986509,0.0995558915932051,0.0962424654711782,0.0,0.00922214785006048
0.015245054806598546,0.008292550299003665,0.5337440668909323,0.008504472722748346,0.0010720785858353565,1.0,0.012050925794653722,0.00322296292213764,1.0,0.007319929728680563,0.008977985487689466,1.0,0.011753683672637294,0.0,1.0,0.003695926081519474,0.00837192732451797,1.0,0.18628210226673048,0.003378029023451745,1.0,0.17785365096605688,0.0,1.0,0.004061429115353121,0.00015340246675066282,0.5345808005827024,0.0,0.0,0.5367233174711004,0.0076788841873352,0.00490128227225739,0.01280605221713671,0.005162538085876633,0.011570905843598212,0.006134400914611149,0.0995558915932051,0.0962424654711782,0.0,0.00922304390017814
1.0,1.0,1.0,1.0,1.0,1.0,1.0,1.0,1.0,1.0,1.0,1.0,1.0,1.0,1.0,1.0,1.0,1.0,1.0,1.0,1.0,1.0,1.0,1.0,1.0,1.0,1.0,1.0,1.0,1.0,1.0,1.0,1.0,1.0,1.0,1.0,1.0,1.0,1.0,1.0
1.0,1.0,1.0,1.0,1.0,1.0,1.0,1.0,1.0,1.0,1.0,1.0,1.0,1.0,1.0,1.0,1.0,1.0,1.0,1.0,1.0,1.0,1.0,1.0,1.0,1.0,1.0,1.0,1.0,1.0,1.0,1.0,1.0,1.0,1.0,1.0,1.0,1.0,1.0,1.0
1.0,1.0,1.0,1.0,1.0,1.0,1.0,1.0,1.0,1.0,1.0,1.0,1.0,1.0,1.0,1.0,1.0,1.0,1.0,1.0,1.0,1.0,1.0,1.0,1.0,1.0,1.0,1.0,1.0,1.0,1.0,1.0,1.0,1.0,1.0,1.0,1.0,1.0,1.0,1.0
1.0,1.0,1.0,1.0,1.0,1.0,1.0,1.0,1.0,1.0,1.0,1.0,1.0,1.0,1.0,1.0,1.0,1.0,1.0,1.0,1.0,1.0,1.0,1.0,1.0,1.0,1.0,1.0,1.0,1.0,1.0,1.0,1.0,1.0,1.0,1.0,1.0,1.0,1.0,1.0
1.0,1.0,1.0,1.0,1.0,1.0,1.0,1.0,1.0,1.0,1.0,1.0,1.0,1.0,1.0,1.0,1.0,1.0,1.0,1.0,1.0,1.0,1.0,1.0,1.0,1.0,1.0,1.0,1.0,1.0,1.0,1.0,1.0,1.0,1.0,1.0,1.0,1.0,1.0,1.0
0.007496535214784217,0.008972267536691447,1.0,0.009701398513342951,0.0038395372609585365,1.0,0.00603964045708949,0.0007988540576207015,1.0,0.009434576094761837,0.00452588857461933,1.0,0.009851517474402272,0.008282808203290415,1.0,0.009155816883691159,0.0016031350196072935,1.0,0.1855286016283344,0.008100375719521935,1.0,0.17485321124645736,0.001827254199142203,1.0,0.002252823962450634,0.003436215254382091,1.0,0.0,0.0,1.0,0.007093173468781799,0.002119111384182304,0.007248018120044719,0.01332845561317697,0.006384436130105087,0.009361879192312017,0.09785165552910513,0.09811485516370766,0.0,0.008303696475572053
1.0,1.0,1.0,1.0,1.0,1.0,1.0,1.0,1.0,1.0,1.0,1.0,1.0,1.0,1.0,1.0,1.0,1.0,1.0,1.0,1.0,1.0,1.0,1.0,1.0,1.0,1.0,1.0,1.0,1.0,1.0,1.0,1.0,1.0,1.0,1.0,1.0,1.0,1.0,1.0
0.007528033261877454,0.008972267536691447,1.0,0.009701398513342951,0.0038395372609585365,1.0,0.00603964045708949,0.0007988540576207015,1.0,0.009434576094761837,0.00452588857461933,1.0,0.009851517474402272,0.008282808203290415,1.0,0.009155816883691159,0.0016031350196072935,1.0,0.1855286016283344,0.008100375719521935,1.0,0.17485321124645736,0.001827254199142203,1.0,0.002252823962450634,0.003436215254382091,1.0,0.0,0.0,1.0,0.007093173468781799,0.002119111384182304,0.007248018120044719,0.01332845561317697,0.006384436130105087,0.009361879192312017,0.09785165552910513,0.09811485516370766,0.0,0.008303696475572053
1.0,1.0,1.0,1.0,1.0,1.0,1.0,1.0,1.0,1.0,1.0,1.0,1.0,1.0,1.0,1.0,1.0,1.0,1.0,1.0,1.0,1.0,1.0,1.0,1.0,1.0,1.0,1.0,1.0,1.0,1.0,1.0,1.0,1.0,1.0,1.0,1.0,1.0,1.0,1.0
1.0,1.0,1.0,1.0,1.0,1.0,1.0,1.0,1.0,1.0,1.0,1.0,1.0,1.0,1.0,1.0,1.0,1.0,1.0,1.0,1.0,1.0,1.0,1.0,1.0,1.0,1.0,1.0,1.0,1.0,1.0,1.0,1.0,1.0,1.0,1.0,1.0,1.0,1.0,1.0
1.0,1.0,1.0,1.0,1.0,1.0,1.0,1.0,1.0,1.0,1.0,1.0,1.0,1.0,1.0,1.0,1.0,1.0,1.0,1.0,1.0,1.0,1.0,1.0,1.0,1.0,1.0,1.0,1.0,1.0,1.0,1.0,1.0,1.0,1.0,1.0,1.0,1.0,1.0,1.0
0.006772080131071334,0.01650353452966158,0.6499229874579271,0.0065830918483413825,0.003665012839988435,1.0,0.0,0.008264007492641667,1.0,0.011614288502840964,0.008313860533775141,1.0,0.009028191806464747,0.008183414504841835,1.0,0.0,0.006590666191655714,1.0,0.18582162965441285,0.001171969253036309,0.6453506823230697,0.1780605778432971,0.004181600955789122,0.6483187471211522,0.0012691965985567322,0.0018715100939061813,0.645564301521091,0.0,0.0,0.6499252209381581,0.0034307943182199097,0.009624855667347276,0.0025197234710176986,0.005065324781988068,0.005602948550063047,0.0013810777866538615,0.09982145518288377,0.0979644098783794,0.0,0.011506627634723543
1.0,1.0,1.0,1.0,1.0,1.0,1.0,1.0,1.0,1.0,1.0,1.0,1.0,1.0,1.0,1.0,1.0,1.0,1.0,1.0,1.0,1.0,1.0,1.0,1.0,1.0,1.0,1.0,1.0,1.0,1.0,1.0,1.0,1.0,1.0,1.0,1.0,1.0,1.0,1.0
0.0074335391205409,0.009651984774308175,0.9998113978562202,0.009323421947883048,0.003989129621785992,1.0,0.005841154620497946,0.0007437606743252445,1.0,0.00927191098965352,0.004452096913055925,1.0,0.009879908014667649,0.008448464367376118,1.0,0.009127817443669528,0.0017812611328906769,1.0,0.18540301818860883,0.008100375719521935,1.0,0.17495667468507747,0.001862393702978693,0.9998976406162257,0.0022210940474707286,0.003436215254382091,0.9997759040869312,0.0,0.0,0.9998368456832054,0.006719867243639044,0.0019891785116925575,0.007210268025666267,0.013166433440012781,0.006384436130105087,0.009399518628839587,0.09777531614857793,0.09819334835606242,0.0,0.008563551010780657
1.0,1.0,1.0,1.0,1.0,1.0,1.0,1.0,1.0,1.0,1.0,1.0,1.0,1.0,1.0,1.0,1.0,1.0,1.0,1.0,1.0,1.0,1.0,1.0,1.0,1.0,1.0,1.0,1.0,1.0,1.0,1.0,1.0,1.0,1.0,1.0,1.0,1.0,1.0,1.0
1.0,1.0,1.0,1.0,1.0,1.0,1.0,1.0,1.0,1.0,1.0,1.0,1.0,1.0,1.0,1.0,1.0,1.0,1.0,1.0,1.0,1.0,1.0,1.0,1.0,1.0,1.0,1.0,1.0,1.0,1.0,1.0,1.0,1.0,1.0,1.0,1.0,1.0,1.0,1.0
1.0,1.0,1.0,1.0,1.0,1.0,1.0,1.0,1.0,1.0,1.0,1.0,1.0,1.0,1.0,1.0,1.0,1.0,1.0,1.0,1.0,1.0,1.0,1.0,1.0,1.0,1.0,1.0,1.0,1.0,1.0,1.0,1.0,1.0,1.0,1.0,1.0,1.0,1.0,1.0
0.007528033261905875,0.008972267536691447,1.0,0.009701398513342951,0.0038395372609585365,1.0,0.00603964045708949,0.0007988540576207015,1.0,0.009434576094761837,0.00452588857461933,1.0,0.009851517474402272,0.008282808203290415,1.0,0.009155816883691159,0.0016031350196072935,1.0,0.1855286016283344,0.008100375719521935,1.0,0.17485321124645736,0.001827254199142203,1.0,0.002252823962450634,0.003436215254382091,1.0,0.0,0.0,1.0,0.007127627040453888,0.002119111384182304,0.007248018120044719,0.01332845561317697,0.006384436130105087,0.009361879192312017,0.09785165552910513,0.09811485516370766,0.0,0.008304592525696819
1.0,1.0,1.0,1.0,1.0,1.0,1.0,1.0,1.0,1.0,1.0,1.0,1.0,1.0,1.0,1.0,1.0,1.0,1.0,1.0,1.0,1.0,1.0,1.0,1.0,1.0,1.0,1.0,1.0,1.0,1.0,1.0,1.0,1.0,1.0,1.0,1.0,1.0,1.0,1.0
0.007496535214784217,0.008945078847176546,1.0,0.009701398513342951,0.0038395372609585365,1.0,0.00603964045708949,0.0007988540576207015,1.0,0.009434576094761837,0.00452588857461933,1.0,0.009851517474402272,0.008282808203290415,1.0,0.009155816883691159,0.0016031350196072935,1.0,0.1855286016283344,0.008100375719521935,1.0,0.17485321124645736,0.001827254199142203,1.0,0.002252823962450634,0.003436215254382091,1.0,0.0,0.0,1.0,0.007093173468781799,0.002119111384182304,0.007248018120044719,0.01332845561317697,0.006384436130105087,0.009361879192312017,0.09785165552910513,0.09811485516370766,0.0,0.008261134094809108
0.007528033261877454,0.008972267536663026,1.0,0.009701398513342951,0.0038395372609585365,1.0,0.00603964045708949,0.0007988540576207015,1.0,0.009434576094761837,0.00452588857461933,1.0,0.009851517474402272,0.008282808203290415,1.0,0.009155816883691159,0.0016031350196072935,1.0,0.1855286016283344,0.008100375719521935,1.0,0.17485321124645736,0.001827254199142203,1.0,0.002252823962450634,0.003436215254382091,1.0,0.0,0.0,1.0,0.0071620806121330816,0.002119111384182304,0.007248018120044719,0.01332845561317697,0.006384436130105087,0.009361879192312017,0.09785165552910513,0.09811485516370766,0.0,0.008261134094809108
1.0,1.0,1.0,1.0,1.0,1.0,1.0,1.0,1.0,1.0,1.0,1.0,1.0,1.0,1.0,1.0,1.0,1.0,1.0,1.0,1.0,1.0,1.0,1.0,1.0,1.0,1.0,1.0,1.0,1.0,1.0,1.0,1.0,1.0,1.0,1.0,1.0,1.0,1.0,1.0
0.014111125110233047,0.007694399129974272,0.0005658064313251998,0.006646087942613121,0.0031414395771633963,1.0,0.006861938923066191,0.004490110737691566,1.0,0.0,0.005116221866998671,1.0,0.008573943162133446,0.001358380545340765,1.0,0.008931821363617587,0.00688754304712802,1.0,0.1834774054460837,0.0007583330460505522,0.0,0.1762241018080033,0.002284067748973939,0.0007676953784425677,9.518974486866227e-05,0.0032521322942926645,0.000784335695712457,0.0,0.0,0.001114887831448641,0.00942926770532182,0.009141737564178243,0.008119702117433292,0.005749228902367065,0.0061253699948906615,0.002002335299543745,0.09827192818249841,0.09633077031257642,0.0,0.007947516552285094
0.015528537230679262,0.008292550299003665,0.5337755005815552,0.008630464911206559,0.0008227579844515276,1.0,0.012135991153201076,0.003195416230497017,1.0,0.007157264623600668,0.008977985487689466,1.0,0.01178207421288846,6.626246560870186e-05,1.0,0.003667926641497843,0.00837192732451797,1.0,0.18628210226673048,0.003378029023451745,1.0,0.17785365096605688,0.0,1.0,0.004061429115353121,0.00015340246675066282,0.5345808005827024,0.0,0.0,0.5367233174711004,0.007506616328932125,0.0048155533667042505,0.012879264521387768,0.00507982150273989,0.011570905843598212,0.006094279756986509,0.0995558915932051,0.0962424654711782,0.0,0.00922214785006048
0.008063500063016704,0.010195758564449875,0.9983340143966615,0.00929192390076139,0.003540352539303626,1.0,0.005274052230120674,0.0,1.0,0.008816448695384338,0.004525888574647752,1.0,0.009624393152193988,0.008050889573567588,1.0,0.009519809603844465,0.00136563353524366,1.0,0.18540301818862304,0.007755678880414507,0.9980641066327962,0.17495667468506326,0.0022137887412867485,0.9983366600132939,0.001967254727773593,0.0034055347610433273,0.9982632566738516,0.0,0.0,0.9983140720598414,0.006071642828004542,0.002627233751475444,0.0074954909609559195,0.013412877692871916,0.006423467617374001,0.009443775988273728,0.09792961915175624,0.09811485516370766,0.0,0.009199298571957115
1.0,1.0,1.0,1.0,1.0,1.0,1.0,1.0,1.0,1.0,1.0,1.0,1.0,1.0,1.0,1.0,1.0,1.0,1.0,1.0,1.0,1.0,1.0,1.0,1.0,1.0,1.0,1.0,1.0,1.0,1.0,1.0,1.0,1.0,1.0,1.0,1.0,1.0,1.0,1.0
0.015497039183586026,0.008265361609517186,0.5339012353440751,0.008598966864099111,0.0007728938641804461,1.0,0.012135991153201076,0.0031678695388563938,1.0,0.007157264623600668,0.00892879104665667,1.0,0.011838855293447637,9.939369843436907e-05,1.0,0.003667926641497843,0.008401615010086516,1.0,0.18626117169344525,0.003378029023451745,1.0,0.17785365096605688,0.0,1.0,0.004061429115353121,0.00015340246675066282,0.5345808005827024,0.0,0.0,0.5367233174711004,0.007403965996822137,0.004730717470579293,0.012843039683346547,0.00507982150273989,0.011570905843598212,0.006094279756986509,0.0995558915932051,0.0962424654711782,0.0,0.00922214785006048
1.0,1.0,1.0,1.0,1.0,1.0,1.0,1.0,1.0,1.0,1.0,1.0,1.0,1.0,1.0,1.0,1.0,1.0,1.0,1.0,1.0,1.0,1.0,1.0,1.0,1.0,1.0,1.0,1.0,1.0,1.0,1.0,1.0,1.0,1.0,1.0,1.0,1.0,1.0,1.0
0.007528033261905875,0.008972267536691447,1.0,0.009701398513342951,0.0038395372609585365,1.0,0.00603964045708949,0.0007988540576207015,1.0,0.009434576094761837,0.00452588857461933,1.0,0.009851517474402272,0.008282808203290415,1.0,0.009155816883691159,0.0016031350196072935,1.0,0.1855286016283344,0.008100375719521935,1.0,0.17485321124645736,0.001827254199142203,1.0,0.002252823962450634,0.003436215254382091,1.0,0.0,0.0,1.0,0.007127627040453888,0.002119111384182304,0.007248018120044719,0.01332845561317697,0.006384436130105087,0.009361879192312017,0.09785165552910513,0.09811485516370766,0.0,0.008304592525696819
1.0,1.0,1.0,1.0,1.0,1.0,1.0,1.0,1.0,1.0,1.0,1.0,1.0,1.0,1.0,1.0,1.0,1.0,1.0,1.0,1.0,1.0,1.0,1.0,1.0,1.0,1.0,1.0,1.0,1.0,1.0,1.0,1.0,1.0,1.0,1.0,1.0,1.0,1.0,1.0
0.015497039183586026,0.008265361609517186,0.5339012353440751,0.008598966864099111,0.0007728938641804461,1.0,0.012135991153201076,0.0031678695388563938,1.0,0.007157264623600668,0.00892879104665667,1.0,0.011838855293447637,9.939369843436907e-05,1.0,0.003667926641497843,0.008401615010086516,1.0,0.18626117169344525,0.003378029023451745,1.0,0.17785365096605688,0.0,1.0,0.004061429115353121,0.00015340246675066282,0.5345808005827024,0.0,0.0,0.5367233174711004,0.007403965996822137,0.004730717470579293,0.012843039683346547,0.00507982150273989,0.011570905843598212,0.006094279756986509,0.0995558915932051,0.0962424654711782,0.0,0.00922214785006048
1.0,1.0,1.0,1.0,1.0,1.0,1.0,1.0,1.0,1.0,1.0,1.0,1.0,1.0,1.0,1.0,1.0,1.0,1.0,1.0,1.0,1.0,1.0,1.0,1.0,1.0,1.0,1.0,1.0,1.0,1.0,1.0,1.0,1.0,1.0,1.0,1.0,1.0,1.0,1.0
1.0,1.0,1.0,1.0,1.0,1.0,1.0,1.0,1.0,1.0,1.0,1.0,1.0,1.0,1.0,1.0,1.0,1.0,1.0,1.0,1.0,1.0,1.0,1.0,1.0,1.0,1.0,1.0,1.0,1.0,1.0,1.0,1.0,1.0,1.0,1.0,1.0,1.0,1.0,1.0
1.0,1.0,1.0,1.0,1.0,1.0,1.0,1.0,1.0,1.0,1.0,1.0,1.0,1.0,1.0,1.0,1.0,1.0,1.0,1.0,1.0,1.0,1.0,1.0,1.0,1.0,1.0,1.0,1.0,1.0,1.0,1.0,1.0,1.0,1.0,1.0,1.0,1.0,1.0,1.0
0.007496535214784217,0.008945078847176546,1.0,0.009701398513342951,0.0038395372609585365,1.0,0.00603964045708949,0.0007988540576207015,1.0,0.009434576094761837,0.00452588857461933,1.0,0.009851517474402272,0.008282808203290415,1.0,0.009155816883691159,0.0016031350196072935,1.0,0.1855286016283344,0.008100375719521935,1.0,0.17485321124645736,0.001827254199142203,1.0,0.002252823962450634,0.003436215254382091,1.0,0.0,0.0,1.0,0.007093173468781799,0.002119111384182304,0.007248018120044719,0.01332845561317697,0.006384436130105087,0.009361879192312017,0.09785165552910513,0.09811485516370766,0.0,0.008261134094809108
1.0,1.0,1.0,1.0,1.0,1.0,1.0,1.0,1.0,1.0,1.0,1.0,1.0,1.0,1.0,1.0,1.0,1.0,1.0,1.0,1.0,1.0,1.0,1.0,1.0,1.0,1.0,1.0,1.0,1.0,1.0,1.0,1.0,1.0,1.0,1.0,1.0,1.0,1.0,1.0
1.0,1.0,1.0,1.0,1.0,1.0,1.0,1.0,1.0,1.0,1.0,1.0,1.0,1.0,1.0,1.0,1.0,1.0,1.0,1.0,1.0,1.0,1.0,1.0,1.0,1.0,1.0,1.0,1.0,1.0,1.0,1.0,1.0,1.0,1.0,1.0,1.0,1.0,1.0,1.0
0.010173869220096776,0.011283306144648009,0.7297016942759598,0.006614589895463041,0.009374454611119631,1.0,0.005982930218053184,0.004104457054623367,1.0,0.009336977031665583,0.006370680113150229,1.0,0.013797802572184992,0.007454527382975584,1.0,0.0004759904802398296,0.0,1.0,0.1812169035309381,0.006997345834335533,0.7279593779752247,0.1762241018080033,0.0010893246187464456,0.7267516249552273,0.002443203452230591,0.0012885807204128241,0.7273873217736622,0.0,0.0,0.7302515295717171,0.011547629576512008,0.0034751462079682938,0.005950787604227514,0.015471412040284349,0.009656218380740711,0.006722982433146285,0.0957312074169323,0.09889079307559712,0.0,0.010519180400876849
1.0,1.0,1.0,1.0,1.0,1.0,1.0,1.0,1.0,1.0,1.0,1.0,1.0,1.0,1.0,1.0,1.0,1.0,1.0,1.0,1.0,1.0,1.0,1.0,1.0,1.0,1.0,1.0,1.0,1.0,1.0,1.0,1.0,1.0,1.0,1.0,1.0,1.0,1.0,1.0
1.0,1.0,1.0,1.0,1.0,1.0,1.0,1.0,1.0,1.0,1.0,1.0,1.0,1.0,1.0,1.0,1.0,1.0,1.0,1.0,1.0,1.0,1.0,1.0,1.0,1.0,1.0,1.0,1.0,1.0,1.0,1.0,1.0,1.0,1.0,1.0,1.0,1.0,1.0,1.0
0.007496535214784217,0.008945078847176546,1.0,0.009701398513342951,0.0038395372609585365,1.0,0.00603964045708949,0.0007988540576207015,1.0,0.009434576094761837,0.00452588857461933,1.0,0.009851517474402272,0.008282808203290415,1.0,0.009155816883691159,0.0016031350196072935,1.0,0.1855286016283344,0.008100375719521935,1.0,0.17485321124645736,0.001827254199142203,1.0,0.002252823962450634,0.003436215254382091,1.0,0.0,0.0,1.0,0.007093173468781799,0.002119111384182304,0.007248018120044719,0.01332845561317697,0.006384436130105087,0.009361879192312017,0.09785165552910513,0.09811485516370766,0.0,0.008261134094809108
1.0,1.0,1.0,1.0,1.0,1.0,1.0,1.0,1.0,1.0,1.0,1.0,1.0,1.0,1.0,1.0,1.0,1.0,1.0,1.0,1.0,1.0,1.0,1.0,1.0,1.0,1.0,1.0,1.0,1.0,1.0,1.0,1.0,1.0,1.0,1.0,1.0,1.0,1.0,1.0
1.0,1.0,1.0,1.0,1.0,1.0,1.0,1.0,1.0,1.0,1.0,1.0,1.0,1.0,1.0,1.0,1.0,1.0,1.0,1.0,1.0,1.0,1.0,1.0,1.0,1.0,1.0,1.0,1.0,1.0,1.0,1.0,1.0,1.0,1.0,1.0,1.0,1.0,1.0,1.0
1.0,1.0,1.0,1.0,1.0,1.0,1.0,1.0,1.0,1.0,1.0,1.0,1.0,1.0,1.0,1.0,1.0,1.0,1.0,1.0,1.0,1.0,1.0,1.0,1.0,1.0,1.0,1.0,1.0,1.0,1.0,1.0,1.0,1.0,1.0,1.0,1.0,1.0,1.0,1.0
1.0,1.0,1.0,1.0,1.0,1.0,1.0,1.0,1.0,1.0,1.0,1.0,1.0,1.0,1.0,1.0,1.0,1.0,1.0,1.0,1.0,1.0,1.0,1.0,1.0,1.0,1.0,1.0,1.0,1.0,1.0,1.0,1.0,1.0,1.0,1.0,1.0,1.0,1.0,1.0
0.007496535214784217,0.008945078847176546,1.0,0.009701398513342951,0.0038395372609585365,1.0,0.00603964045708949,0.0007988540576207015,1.0,0.009434576094761837,0.00452588857461933,1.0,0.009851517474402272,0.008282808203290415,1.0,0.009155816883691159,0.0016031350196072935,1.0,0.1855286016283344,0.008100375719521935,1.0,0.17485321124645736,0.001827254199142203,1.0,0.002252823962450634,0.003436215254382091,1.0,0.0,0.0,1.0,0.007093173468781799,0.002119111384182304,0.007248018120044719,0.01332845561317697,0.006384436130105087,0.009361879192312017,0.09785165552910513,0.09811485516370766,0.0,0.008261134094809108
0.007181554743610263,0.008999456226192137,0.9999685663093629,0.009669900466192871,0.003665012840016857,1.0,0.006096350696140007,0.0006886672910582092,1.0,0.009336977031708216,0.004501291354088721,1.0,0.00987990801468186,0.008315939436101871,1.0,0.009155816883691159,0.0016625103906875438,1.0,0.18550767105504917,0.008100375719550357,1.0,0.17485321124645736,0.001827254199142203,0.9999744101540671,0.002252823962450634,0.003436215254382091,0.9999439760217257,0.0,0.0,1.0,0.0068562607645361595,0.002120004393610486,0.007356692634154172,0.01316472794345458,0.006426041122026049,0.009361879192312017,0.09781307977830522,0.09811485516370766,0.0,0.008262030144926769
1.0,1.0,1.0,1.0,1.0,1.0,1.0,1.0,1.0,1.0,1.0,1.0,1.0,1.0,1.0,1.0,1.0,1.0,1.0,1.0,1.0,1.0,1.0,1.0,1.0,1.0,1.0,1.0,1.0,1.0,1.0,1.0,1.0,1.0,1.0,1.0,1.0,1.0,1.0,1.0
1.0,1.0,1.0,1.0,1.0,1.0,1.0,1.0,1.0,1.0,1.0,1.0,1.0,1.0,1.0,1.0,1.0,1.0,1.0,1.0,1.0,1.0,1.0,1.0,1.0,1.0,1.0,1.0,1.0,1.0,1.0,1.0,1.0,1.0,1.0,1.0,1.0,1.0,1.0,1.0
0.007496535214784217,0.009026644915692827,1.0,0.0097328965604504,0.0038395372609585365,1.0,0.00603964045708949,0.0007713073659942893,1.0,0.009434576094761837,0.00452588857461933,1.0,0.009851517474402272,0.008282808203290415,1.0,0.009155816883691159,0.0016031350196072935,1.0,0.1855286016283344,0.008100375719521935,1.0,0.17485321124645736,0.001827254199142203,1.0,0.002252823962450634,0.003436215254382091,1.0,0.0,0.0,1.0,0.007127627040453888,0.002119111384182304,0.007248018120044719,0.01332845561317697,0.006384436130105087,0.009361879192312017,0.09785165552910513,0.09811485516370766,0.0,0.00834805095658453
1.0,1.0,1.0,1.0,1.0,1.0,1.0,1.0,1.0,1.0,1.0,1.0,1.0,1.0,1.0,1.0,1.0,1.0,1.0,1.0,1.0,1.0,1.0,1.0,1.0,1.0,1.0,1.0,1.0,1.0,1.0,1.0,1.0,1.0,1.0,1.0,1.0,1.0,1.0,1.0
1.0,1.0,1.0,1.0,1.0,1.0,1.0,1.0,1.0,1.0,1.0,1.0,1.0,1.0,1.0,1.0,1.0,1.0,1.0,1.0,1.0,1.0,1.0,1.0,1.0,1.0,1.0,1.0,1.0,1.0,1.0,1.0,1.0,1.0,1.0,1.0,1.0,1.0,1.0,1.0
0.008630464911163926,0.005410549211589455,0.240907804985369,0.0,0.007853598942887174,1.0,0.009300479201499456,0.014957853561753609,1.0,0.013696401847866468,0.008510638297877904,1.0,0.0,0.010038763542397078,1.0,0.011507769844698146,0.005254720341980601,1.0,0.0,0.3748922822377807,0.34887337353220005,0.17255114973745833,0.0037599269098080867,0.2371411024105754,0.0013326564284739106,0.0004908878935054872,0.23524468472508886,0.0,0.0,0.23836845683212005,0.010205005855333127,0.008130850886175267,0.0037090421008727503,0.014489046021971319,0.0,0.18611129609125499,0.0,0.09584918187200486,0.0,0.006652724126773535
1.0,1.0,1.0,1.0,1.0,1.0,1.0,1.0,1.0,1.0,1.0,1.0,1.0,1.0,1.0,1.0,1.0,1.0,1.0,1.0,1.0,1.0,1.0,1.0,1.0,1.0,1.0,1.0,1.0,1.0,1.0,1.0,1.0,1.0,1.0,1.0,1.0,1.0,1.0,1.0
1.0,1.0,1.0,1.0,1.0,1.0,1.0,1.0,1.0,1.0,1.0,1.0,1.0,1.0,1.0,1.0,1.0,1.0,1.0,1.0,1.0,1.0,1.0,1.0,1.0,1.0,1.0,1.0,1.0,1.0,1.0,1.0,1.0,1.0,1.0,1.0,1.0,1.0,1.0,1.0
0.015497039183586026,0.008238172920002285,0.533869801653438,0.008630464911206559,0.0007728938641804461,1.0,0.012135991153201076,0.0031678695388563938,1.0,0.007157264623600668,0.00892879104665667,1.0,0.011838855293447637,9.939369843436907e-05,1.0,0.003667926641497843,0.008401615010086516,1.0,0.18626117169344525,0.003378029023451745,1.0,0.17785365096605688,0.0,1.0,0.004061429115353121,0.00015340246675066282,0.5345808005827024,0.0,0.0,0.5367233174711004,0.007403965996822137,0.0047731354186453245,0.012843039683346547,0.00507982150273989,0.011570905843598212,0.006094279756986509,0.0995558915932051,0.0962424654711782,0.0,0.00922214785006048
0.007496535214784217,0.008945078847176546,1.0,0.009701398513342951,0.0038395372609585365,1.0,0.00603964045708949,0.0007988540576207015,1.0,0.009434576094761837,0.00452588857461933,1.0,0.009851517474402272,0.008282808203290415,1.0,0.009155816883691159,0.0016031350196072935,1.0,0.1855286016283344,0.008100375719521935,1.0,0.17485321124645736,0.001827254199142203,1.0,0.002252823962450634,0.003436215254382091,1.0,0.0,0.0,1.0,0.007093173468781799,0.002119111384182304,0.007248018120044719,0.01332845561317697,0.006384436130105087,0.009361879192312017,0.09785165552910513,0.09811485516370766,0.0,0.008261134094809108
0.017229431775220405,0.013404023926028685,0.9734699651085634,0.007150056696545448,0.001695380089245191,1.0,0.0023818300393969594,0.0011569610489203797,1.0,0.008881514737453244,0.0025335137129616214,1.0,0.010703233682534119,0.01123148792366635,1.0,0.00783984320314346,0.0011875074218608006,1.0,0.18542394876190826,0.008514011926507692,0.9740082513487494,0.175499857737762,0.002635462787267784,0.9747428220481993,0.0017451453230137304,0.004080505614552976,0.9732765623686532,0.0,0.0,0.9749830047586698,0.005068226951699728,0.0027196602277754778,0.00677976442415229,0.016527114410678223,0.006756307552677754,0.008515198680392189,0.09879290384850492,0.09827756501034912,0.0,0.009485586585782357
1.0,1.0,1.0,1.0,1.0,1.0,1.0,1.0,1.0,1.0,1.0,1.0,1.0,1.0,1.0,1.0,1.0,1.0,1.0,1.0,1.0,1.0,1.0,1.0,1.0,1.0,1.0,1.0,1.0,1.0,1.0,1.0,1.0,1.0,1.0,1.0,1.0,1.0,1.0,1.0
1.0,1.0,1.0,1.0,1.0,1.0,1.0,1.0,1.0,1.0,1.0,1.0,1.0,1.0,1.0,1.0,1.0,1.0,1.0,1.0,1.0,1.0,1.0,1.0,1.0,1.0,1.0,1.0,1.0,1.0,1.0,1.0,1.0,1.0,1.0,1.0,1.0,1.0,1.0,1.0
0.015528537230721895,0.005519303969535372,0.5277716656713096,0.01105581453956006,0.007604278341517556,1.0,0.005642668783863769,0.005591978403373332,1.0,0.012167349860135346,7.37916616202483e-05,1.0,0.005053516168402439,0.004373322731325402,1.0,0.007979840403223193,0.004275026718872255,1.0,0.1919333570546513,0.005928785633003031,1.0,0.17436175991305447,0.0026003232834739265,1.0,0.05831958370355039,0.058016812910366866,0.9875626768256751,0.0,0.0,0.5293813732155002,0.019928372090056712,0.00622740128005006,0.00920339674586046,0.009261699066833273,0.001120761276993676,0.005729053136548146,0.10204910327621519,0.12066284230391489,0.026390165779602626,0.0037477296330052923
1.0,1.0,1.0,1.0,1.0,1.0,1.0,1.0,1.0,1.0,1.0,1.0,1.0,1.0,1.0,1.0,1.0,1.0,1.0,1.0,1.0,1.0,1.0,1.0,1.0,1.0,1.0,1.0,1.0,1.0,1.0,1.0,1.0,1.0,1.0,1.0,1.0,1.0,1.0,1.0
1.0,1.0,1.0,1.0,1.0,1.0,1.0,1.0,1.0,1.0,1.0,1.0,1.0,1.0,1.0,1.0,1.0,1.0,1.0,1.0,1.0,1.0,1.0,1.0,1.0,1.0,1.0,1.0,1.0,1.0,1.0,1.0,1.0,1.0,1.0,1.0,1.0,1.0,1.0,1.0
1.0,1.0,1.0,1.0,1.0,1.0,1.0,1.0,1.0,1.0,1.0,1.0,1.0,1.0,1.0,1.0,1.0,1.0,1.0,1.0,1.0,1.0,1.0,1.0,1.0,1.0,1.0,1.0,1.0,1.0,1.0,1.0,1.0,1.0,1.0,1.0,1.0,1.0,1.0,1.0
1.0,1.0,1.0,1.0,1.0,1.0,1.0,1.0,1.0,1.0,1.0,1.0,1.0,1.0,1.0,1.0,1.0,1.0,1.0,1.0,1.0,1.0,1.0,1.0,1.0,1.0,1.0,1.0,1.0,1.0,1.0,1.0,1.0,1.0,1.0,1.0,1.0,1.0,1.0,1.0
0.015497039183586026,0.008265361609517186,0.5339012353440751,0.008598966864099111,0.0007728938641804461,1.0,0.012135991153201076,0.0031678695388563938,1.0,0.007157264623600668,0.00892879104665667,1.0,0.011838855293447637,9.939369843436907e-05,1.0,0.003667926641497843,0.008401615010086516,1.0,0.18626117169344525,0.003378029023451745,1.0,0.17785365096605688,0.0,1.0,0.004061429115353121,0.00015340246675066282,0.5345808005827024,0.0,0.0,0.5367233174711004,0.007403965996822137,0.004730717470579293,0.012843039683346547,0.00507982150273989,0.011570905843598212,0.006094279756986509,0.0995558915932051,0.0962424654711782,0.0,0.00922214785006048
0.014835580194073827,0.008210984230515805,0.5339326690347121,0.008724959052614167,0.0001994564810843258,1.0,0.011795729719025871,0.0035810699134941615,1.0,0.007515127854787806,0.009051777149210238,1.0,0.011867245833698803,9.939369842015822e-05,1.0,0.0036679266415262646,0.008075050469045664,1.0,0.1862821022667447,0.0031712109199730776,1.0,0.1780605778432971,0.0004216740459810353,1.0,0.004061429115353121,0.00015340246675066282,0.5345808005827024,0.0,0.0,0.5367233174711004,0.006788774387011642,0.005244197894462843,0.01298793903549722,0.005489993425307205,0.011487695859784708,0.005934622366844167,0.09963466733693593,0.09628130324863804,0.0,0.009223043900185246
1.0,1.0,1.0,1.0,1.0,1.0,1.0,1.0,1.0,1.0,1.0,1.0,1.0,1.0,1.0,1.0,1.0,1.0,1.0,1.0,1.0,1.0,1.0,1.0,1.0,1.0,1.0,1.0,1.0,1.0,1.0,1.0,1.0,1.0,1.0,1.0,1.0,1.0,1.0,1.0
0.00966990046616445,0.011772702555717274,0.9224845189073818,0.012914199319681074,0.002069360991285407,1.0,0.0047636600788223404,0.004738030962442963,1.0,0.005660745656840049,0.0038617636207050055,1.0,0.010703233682505697,0.011165225458000805,1.0,0.006747865042754597,0.0009796936230088704,1.0,0.2079871067668222,0.03867498535038294,0.9862265947318463,0.17562918703603714,0.001932672710637462,0.920876196325338,0.002474933367167864,0.002669202920827729,0.9203058909213127,0.0,0.0,0.9233718558803616,0.0073982829334440225,0.007755340419670631,0.0,0.017573436549973565,0.000520276857621127,0.02317182981845889,0.11002778672236246,0.09899136247829432,0.0,0.010533069177753873
1.0,1.0,1.0,1.0,1.0,1.0,1.0,1.0,1.0,1.0,1.0,1.0,1.0,1.0,1.0,1.0,1.0,1.0,1.0,1.0,1.0,1.0,1.0,1.0,1.0,1.0,1.0,1.0,1.0,1.0,1.0,1.0,1.0,1.0,1.0,1.0,1.0,1.0,1.0,1.0
1.0,1.0,1.0,1.0,1.0,1.0,1.0,1.0,1.0,1.0,1.0,1.0,1.0,1.0,1.0,1.0,1.0,1.0,1.0,1.0,1.0,1.0,1.0,1.0,1.0,1.0,1.0,1.0,1.0,1.0,1.0,1.0,1.0,1.0,1.0,1.0,1.0,1.0,1.0,1.0
1.0,1.0,1.0,1.0,1.0,1.0,1.0,1.0,1.0,1.0,1.0,1.0,1.0,1.0,1.0,1.0,1.0,1.0,1.0,1.0,1.0,1.0,1.0,1.0,1.0,1.0,1.0,1.0,1.0,1.0,1.0,1.0,1.0,1.0,1.0,1.0,1.0,1.0,1.0,1.0
0.00812649615724581,0.012262098966857593,0.9944048030679085,0.010551845785627734,0.0026677304345525954,1.0,0.004678594720274987,0.00019282684145593976,1.0,0.009694840262881144,0.004058541384864611,1.0,0.009340487749497584,0.009276745187662527,1.0,0.00918381632371279,0.0008312551953224556,1.0,0.18458672583035707,0.008307193823057446,0.9946366232941557,0.17495667468506326,0.002319207252796218,0.9952658784994242,0.0017451453230137304,0.0034362152543678803,0.99439760217372,0.0,0.0,0.9951325628823895,0.007807108304611177,0.0036260648021197994,0.007971752252608155,0.014720993554078632,0.005313858193872534,0.0099488062301063,0.097390370761687,0.09803963252103642,0.0,0.010313088872941023
1.0,1.0,1.0,1.0,1.0,1.0,1.0,1.0,1.0,1.0,1.0,1.0,1.0,1.0,1.0,1.0,1.0,1.0,1.0,1.0,1.0,1.0,1.0,1.0,1.0,1.0,1.0,1.0,1.0,1.0,1.0,1.0,1.0,1.0,1.0,1.0,1.0,1.0,1.0,1.0
1.0,1.0,1.0,1.0,1.0,1.0,1.0,1.0,1.0,1.0,1.0,1.0,1.0,1.0,1.0,1.0,1.0,1.0,1.0,1.0,1.0,1.0,1.0,1.0,1.0,1.0,1.0,1.0,1.0,1.0,1.0,1.0,1.0,1.0,1.0,1.0,1.0,1.0,1.0,1.0
1.0,1.0,1.0,1.0,1.0,1.0,1.0,1.0,1.0,1.0,1.0,1.0,1.0,1.0,1.0,1.0,1.0,1.0,1.0,1.0,1.0,1.0,1.0,1.0,1.0,1.0,1.0,1.0,1.0,1.0,1.0,1.0,1.0,1.0,1.0,1.0,1.0,1.0,1.0,1.0
1.0,1.0,1.0,1.0,1.0,1.0,1.0,1.0,1.0,1.0,1.0,1.0,1.0,1.0,1.0,1.0,1.0,1.0,1.0,1.0,1.0,1.0,1.0,1.0,1.0,1.0,1.0,1.0,1.0,1.0,1.0,1.0,1.0,1.0,1.0,1.0,1.0,1.0,1.0,1.0
1.0,1.0,1.0,1.0,1.0,1.0,1.0,1.0,1.0,1.0,1.0,1.0,1.0,1.0,1.0,1.0,1.0,1.0,1.0,1.0,1.0,1.0,1.0,1.0,1.0,1.0,1.0,1.0,1.0,1.0,1.0,1.0,1.0,1.0,1.0,1.0,1.0,1.0,1.0,1.0
0.009417916089219602,0.0018488308863595648,0.5164241033540264,0.008346982487111632,0.0015208556683035113,1.0,0.006464967249897313,0.010082089141050687,1.0,0.008816448695455392,0.0016480137744139256,1.0,0.007779008034560775,0.0009939369843863233,1.0,0.007839843203200303,0.0029093931836570164,1.0,0.18850074303531983,0.0052393919547455425,1.0,0.1922350689325043,0.022067608405407668,0.9733353805210214,0.05724076659475941,0.056789593176731046,0.9591024958682084,0.0,0.0,0.5148062542487963,0.009501371571836614,0.008288467051066561,0.012054863470503108,0.0,0.006077331241364448,0.0055350652713315185,0.10971308980800387,0.13120423274541082,0.026390165779602626,0.0
0.004850699256635949,0.009978249048359089,0.7841134127558291,0.006205115282909901,0.006856316537408702,1.0,0.005699379022900075,0.004187097129573658,1.0,0.008718849632344927,0.007403763374767891,1.0,0.011725293132357706,0.008481595600130731,1.0,0.003247935041315486,0.004185963662280301,1.0,0.18682629717223165,0.006170073420420863,0.7817200888606664,0.1766379555624269,0.0021083702298199114,0.7794411177645344,0.0018086051529309088,0.0012579002270740602,0.7792935376341461,0.0,0.0,0.7835757987763827,0.012439515334172313,0.0,0.002752706376718095,0.010294377233670104,0.009721842749421228,0.006547607476107942,0.09710369202417723,0.09959069070739446,0.0,0.012882512596227969
0.007370543026326004,0.008917890157675856,0.9999685663093629,0.009764394607572058,0.0038395372609585365,1.0,0.006067995576614749,0.0007713073659942893,1.0,0.00940204307373449,0.004501291354117143,1.0,0.009851517474402272,0.008282808203290415,1.0,0.00918381632371279,0.0016031350196072935,1.0,0.18550767105504917,0.008100375719521935,1.0,0.17485321124645736,0.001827254199142203,1.0,0.002252823962450634,0.003436215254382091,1.0,0.0,0.0,1.0,0.0070278182400258515,0.0021615293322341245,0.007248018120044719,0.01332845561317697,0.006384436130105087,0.009361879192312017,0.09781307977830522,0.09811485516370766,0.0,0.008174217233019476
0.011780269623287154,0.00908102229472263,0.018671612233958967,0.0016378984503262473,0.0045127028846252415,1.0,0.009697450874782021,0.002176188639722909,1.0,0.001398919903664364,0.0075513466978236465,1.0,0.008488771541323104,0.0038763542391393457,1.0,0.010415791684224018,0.007184419902600325,1.0,0.18366578060569339,0.007617800144799958,0.017645192002547105,0.17627583352732756,0.002705741794912342,0.01873176723474046,0.000507678639408482,0.002147634533983478,0.019440320457192684,0.0,0.0,0.01946974847045624,0.00332672322026184,0.0028013705908946918,0.008485763638638844,0.010192900188364717,0.0069600433378198545,0.005735671059461822,0.09866499478008706,0.09586308170814561,0.0,0.00477908332280208
1.0,1.0,1.0,1.0,1.0,1.0,1.0,1.0,1.0,1.0,1.0,1.0,1.0,1.0,1.0,1.0,1.0,1.0,1.0,1.0,1.0,1.0,1.0,1.0,1.0,1.0,1.0,1.0,1.0,1.0,1.0,1.0,1.0,1.0,1.0,1.0,1.0,1.0,1.0,1.0
1.0,1.0,1.0,1.0,1.0,1.0,1.0,1.0,1.0,1.0,1.0,1.0,1.0,1.0,1.0,1.0,1.0,1.0,1.0,1.0,1.0,1.0,1.0,1.0,1.0,1.0,1.0,1.0,1.0,1.0,1.0,1.0,1.0,1.0,1.0,1.0,1.0,1.0,1.0,1.0
1.0,1.0,1.0,1.0,1.0,1.0,1.0,1.0,1.0,1.0,1.0,1.0,1.0,1.0,1.0,1.0,1.0,1.0,1.0,1.0,1.0,1.0,1.0,1.0,1.0,1.0,1.0,1.0,1.0,1.0,1.0,1.0,1.0,1.0,1.0,1.0,1.0,1.0,1.0,1.0
0.015497039183586026,0.008265361609517186,0.5339012353440751,0.008598966864099111,0.0007728938641804461,1.0,0.012135991153201076,0.0031678695388563938,1.0,0.007157264623600668,0.00892879104665667,1.0,0.011838855293447637,9.939369843436907e-05,1.0,0.003667926641497843,0.008401615010086516,1.0,0.18626117169344525,0.003378029023451745,1.0,0.17785365096605688,0.0,1.0,0.004061429115353121,0.00015340246675066282,0.5345808005827024,0.0,0.0,0.5367233174711004,0.007403965996822137,0.004730717470579293,0.012843039683346547,0.00507982150273989,0.011570905843598212,0.006094279756986509,0.0995558915932051,0.0962424654711782,0.0,0.00922214785006048
1.0,1.0,1.0,1.0,1.0,1.0,1.0,1.0,1.0,1.0,1.0,1.0,1.0,1.0,1.0,1.0,1.0,1.0,1.0,1.0,1.0,1.0,1.0,1.0,1.0,1.0,1.0,1.0,1.0,1.0,1.0,1.0,1.0,1.0,1.0,1.0,1.0,1.0,1.0,1.0
1.0,1.0,1.0,1.0,1.0,1.0,1.0,1.0,1.0,1.0,1.0,1.0,1.0,1.0,1.0,1.0,1.0,1.0,1.0,1.0,1.0,1.0,1.0,1.0,1.0,1.0,1.0,1.0,1.0,1.0,1.0,1.0,1.0,1.0,1.0,1.0,1.0,1.0,1.0,1.0
0.007496535214784217,0.008945078847176546,1.0,0.009701398513342951,0.0038395372609585365,1.0,0.00603964045708949,0.0007988540576207015,1.0,0.009434576094761837,0.00452588857461933,1.0,0.009851517474402272,0.008282808203290415,1.0,0.009155816883691159,0.0016031350196072935,1.0,0.1855286016283344,0.008100375719521935,1.0,0.17485321124645736,0.001827254199142203,1.0,0.002252823962450634,0.003436215254382091,1.0,0.0,0.0,1.0,0.007093173468781799,0.002119111384182304,0.007248018120044719,0.01332845561317697,0.006384436130105087,0.009361879192312017,0.09785165552910513,0.09811485516370766,0.0,0.008261134094809108
1.0,1.0,1.0,1.0,1.0,1.0,1.0,1.0,1.0,1.0,1.0,1.0,1.0,1.0,1.0,1.0,1.0,1.0,1.0,1.0,1.0,1.0,1.0,1.0,1.0,1.0,1.0,1.0,1.0,1.0,1.0,1.0,1.0,1.0,1.0,1.0,1.0,1.0,1.0,1.0
0.007528033261877454,0.008999456226177927,1.0,0.009701398513342951,0.0038395372609585365,1.0,0.00603964045708949,0.0007988540576207015,1.0,0.009434576094761837,0.00452588857461933,1.0,0.009851517474402272,0.008282808203290415,1.0,0.009155816883691159,0.0016031350196072935,1.0,0.1855286016283344,0.008100375719521935,1.0,0.17485321124645736,0.001827254199142203,1.0,0.002252823962450634,0.003436215254382091,1.0,0.0,0.0,1.0,0.007093173468781799,0.002119111384182304,0.007248018120044719,0.01332845561317697,0.006384436130105087,0.009361879192312017,0.09785165552910513,0.09811485516370766,0.0,0.008303696475572053
0.007496535214798428,0.008809135399658885,0.9999685663093629,0.009638402419057002,0.003739809020402163,1.0,0.00603964045708949,0.0006886672910582092,1.0,0.009336977031679794,0.004501291354088721,1.0,0.009823126934122683,0.008282808203290415,1.0,0.009155816883691159,0.0016031350196072935,1.0,0.18550767105504917,0.008134845403446889,1.0,0.17485321124645736,0.0018623937029929039,1.0,0.002252823962450634,0.003436215254382091,0.99997198801087,0.0,0.0,1.0,0.007060851045864069,0.002120004393610486,0.007247255491876103,0.013245739030033121,0.006343688973082351,0.009361879192312017,0.09781307977830522,0.09811485516370766,0.0,0.008134343002609512
1.0,1.0,1.0,1.0,1.0,1.0,1.0,1.0,1.0,1.0,1.0,1.0,1.0,1.0,1.0,1.0,1.0,1.0,1.0,1.0,1.0,1.0,1.0,1.0,1.0,1.0,1.0,1.0,1.0,1.0,1.0,1.0,1.0,1.0,1.0,1.0,1.0,1.0,1.0,1.0
