event_id,begin_time_utc,begin_lat,begin_lon,cape,cin,temp_2m,dewpoint_2m,surface_pressure,tcwv,shear_0_1km,shear_0_3km,ef_category,ef_binary,tor_f_scale_raw,cz_timezone,begin_date_time_raw
10096222,1950-04-28T21:00:00+00:00,35.12,-99.2,1968.8125,22.21898078918457,296.80859375,290.0849304199219,94646.75,30.989492416381836,5.936423400035927,11.313252932295308,3.0,1,F3,CST,28-APR-50 14:45:00
10120412,1950-04-29T22:00:00+00:00,31.9,-98.6,2277.5,54.468788146972656,296.006591796875,289.9578857421875,95414.125,29.81336212158203,0.7712731083559388,5.2439344351140065,1.0,0,F1,CST,29-APR-50 15:30:00
10104927,1950-07-06T00:00:00+00:00,40.58,-75.7,812.6875,0.9563387632369995,294.12939453125,293.744873046875,99018.8125,47.96776580810547,12.058696392777614,9.512498049633964,2.0,1,F2,CST,05-JUL-50 18:00:00
10104928,1950-07-06T01:00:00+00:00,40.6,-76.75,297.4375,0.13264015316963196,293.944091796875,293.737060546875,98431.3125,43.62251663208008,8.059963443698795,9.166778256729756,2.0,1,F2,CST,05-JUL-50 18:30:00
10104929,1950-07-24T21:00:00+00:00,41.63,-79.68,1466.75,12.7188081741333,294.761962890625,293.545166015625,96104.75,32.26569366455078,7.68543952430949,10.071929998761881,0.0,0,F0,CST,24-JUL-50 14:40:00
10104930,1950-08-29T22:00:00+00:00,40.22,-75.0,1548.3125,51.71879959106445,297.71533203125,293.6298828125,100465.3125,47.38312911987305,7.483711516945008,10.326260749829325,1.0,0,F1,CST,29-AUG-50 16:00:00
10104931,1950-11-04T23:00:00+00:00,40.2,-76.12,343.125,9.590963363647461,290.810302734375,290.47662353515625,98064.375,37.43427276611328,15.437187038331901,18.71069939283874,3.0,1,F3,CST,04-NOV-50 17:00:00
10104932,1950-11-05T00:00:00+00:00,40.27,-76.07,327.75,34.7578239440918,290.236328125,289.92041015625,97365.75,35.08269500732422,14.161669482401598,20.58626377799065,3.0,1,F3,CST,04-NOV-50 17:30:00
10099490,1950-09-16T00:00:00+00:00,35.0,-96.25,1740.875,196.45314025878906,300.1318359375,293.720947265625,98033.5,47.41497039794922,7.106981423465889,19.049644548742343,2.0,1,F2,CST,15-SEP-50 17:45:00
10099491,1950-09-16T08:00:00+00:00,34.83,-95.85,1264.125,90.65626525878906,295.53857421875,290.538818359375,98301.5625,42.26526641845703,16.52756210012447,11.377327831651327,0.0,0,F0,CST,16-SEP-50 01:30:00
10099492,1950-10-02T03:00:00+00:00,36.73,-102.52,933.4375,112.15174865722656,290.235107421875,288.8461608886719,87253.75,28.435470581054688,0.28499312332635635,15.832031254359098,1.0,0,F1,CST,01-OCT-50 21:00:00
10073785,1950-06-23T03:00:00+00:00,40.18,-98.03,1219.875,,301.5146484375,289.466064453125,94057.4375,30.709320068359375,12.05488201257159,10.101769771423513,0.0,0,F0,CST,22-JUN-50 21:00:00
10096216,1950-02-27T16:00:00+00:00,35.55,-97.6,41.78125,,283.0606384277344,278.6721496582031,97528.1875,20.767539978027344,15.993642314341441,10.56688403726267,2.0,1,F2,CST,27-FEB-50 10:20:00
10096217,1950-03-27T09:00:00+00:00,34.85,-95.75,0.0,,287.32666015625,267.21551513671875,96410.6875,9.574054718017578,10.23118145355514,10.902992812022857,2.0,1,F2,CST,27-MAR-50 03:00:00
10096218,1950-04-03T00:00:00+00:00,35.82,-97.02,592.875,36.85939407348633,293.88623046875,291.166015625,96520.0,31.86056900024414,10.802519174827818,21.696160961826802,2.0,1,F2,CST,02-APR-50 18:00:00
10096219,1950-04-03T22:00:00+00:00,36.13,-95.83,1088.6875,118.20313262939453,300.622802734375,287.03955078125,96882.0,27.138952255249023,7.932054153426552,14.746795341220151,1.0,0,F1,CST,03-APR-50 16:15:00
10096220,1950-04-28T20:00:00+00:00,34.88,-99.28,2338.0,32.26565933227539,297.801025390625,290.3466796875,95049.0625,32.64067840576172,4.118234331076681,9.555173925397439,3.0,1,F3,CST,28-APR-50 14:17:00
10096221,1950-04-28T21:00:00+00:00,35.0,-99.2,2011.0,47.8127326965332,297.5888671875,289.7880554199219,94984.75,32.27660369873047,5.436662118120994,10.65923682033416,3.0,1,F3,CST,28-APR-50 14:35:00
10096223,1950-04-29T01:00:00+00:00,35.08,-96.4,1023.8125,24.328292846679688,294.275146484375,292.796142578125,97544.1875,34.89326858520508,10.502684484636331,19.97439085448773,4.0,1,F4,CST,28-APR-50 19:05:00
10096224,1950-04-29T02:00:00+00:00,34.55,-96.2,1037.8125,93.96885681152344,291.746337890625,291.1407775878906,98152.8125,36.71467590332031,12.676821476702807,18.289256387197916,2.0,1,F2,CST,28-APR-50 19:30:00
10096225,1950-05-05T04:00:00+00:00,35.58,-99.17,2426.75,85.8437728881836,298.05908203125,292.51318359375,92850.6875,35.32486343383789,16.0777713899361,29.890185255494615,1.0,0,F1,CST,04-MAY-50 21:30:00
10096226,1950-05-05T04:00:00+00:00,35.25,-99.55,1811.9375,51.656272888183594,296.85693359375,292.15283203125,92915.6875,34.30142593383789,15.643972157313478,26.67333692814007,2.0,1,F2,CST,04-MAY-50 21:30:00
10096227,1950-05-05T04:00:00+00:00,36.57,-99.57,1382.3125,21.312522888183594,295.03662109375,291.28955078125,91759.6875,31.15298843383789,12.59575459879899,21.61744879913546,2.0,1,F2,CST,04-MAY-50 21:45:00
10096228,1950-05-08T01:00:00+00:00,36.3,-99.8,2674.375,296.8750305175781,295.130859375,291.7638854980469,92583.875,29.074817657470703,6.925860474787766,13.842756628324429,1.0,0,F1,CST,07-MAY-50 18:30:00
10096229,1950-05-08T05:00:00+00:00,36.0,-97.0,925.625,321.3598327636719,293.197021484375,292.196044921875,98142.5,41.481651306152344,14.627081853639153,15.028571199949862,1.0,0,F1,CST,07-MAY-50 23:00:00
10096230,1950-05-08T05:00:00+00:00,36.12,-97.83,903.5625,164.6879425048828,292.897216796875,291.986083984375,97182.5,38.480674743652344,13.227788979257406,19.679948599605236,2.0,1,F2,CST,07-MAY-50 23:00:00
10049531,1950-03-27T14:00:00+00:00,32.3,-90.12,736.0,3.062654972076416,294.192626953125,292.91015625,98472.375,42.95536422729492,16.756053216858607,31.741272823567574,2.0,1,F2,CST,27-MAR-50 08:00:00
10049532,1950-03-27T14:00:00+00:00,32.3,-90.17,736.0,3.062654972076416,294.192626953125,292.91015625,98472.375,42.95536422729492,16.756053216858607,31.741272823567574,2.0,1,F2,CST,27-MAR-50 08:05:00
10049533,1950-03-27T15:00:00+00:00,33.67,-88.78,745.1875,4.125007629394531,292.722900390625,290.7601623535156,98599.5,42.01707458496094,26.01105219384178,34.49341431999767,2.0,1,F2,CST,27-MAR-50 08:45:00
10049534,1950-03-27T17:00:00+00:00,34.73,-88.27,53.75,64.3281478881836,292.037109375,291.19573974609375,97708.4375,33.496253967285156,11.596604548355948,27.27311017856968,1.0,0,F1,CST,27-MAR-50 11:00:00
10049535,1950-04-29T18:00:00+00:00,31.27,-89.83,1141.75,159.89898681640625,299.05712890625,291.94305419921875,100201.375,32.885467529296875,6.858994567335715,17.874426985158237,2.0,1,F2,CST,29-APR-50 12:00:00
10120401,1950-01-27T00:00:00+00:00,26.88,-98.12,1219.6875,200.85939025878906,301.2509765625,290.2349548339844,101194.125,35.108890533447266,2.7966832086650157,5.778838821990582,2.0,1,F2,CST,26-JAN-50 18:00:00
10120403,1950-02-11T20:00:00+00:00,29.67,-95.05,1319.25,9.718778610229492,295.2720642089844,292.89898681640625,100850.375,34.36345672607422,10.48993848280384,11.41938695523454,3.0,1,F3,CST,11-FEB-50 13:50:00
10120404,1950-02-12T03:00:00+00:00,32.35,-95.2,274.96875,69.8907699584961,290.2398986816406,290.092529296875,99221.875,34.261653900146484,19.13592659687366,20.469908552889038,2.0,1,F2,CST,11-FEB-50 21:00:00
10120405,1950-02-12T06:00:00+00:00,32.98,-94.63,149.46875,46.29711151123047,290.6742858886719,290.3568115234375,99549.0,33.5525016784668,18.4792402146256,22.049310599306633,2.0,1,F2,CST,11-FEB-50 23:55:00
10120406,1950-02-12T07:00:00+00:00,33.33,-94.42,216.6875,19.574562072753906,289.904052734375,289.659423828125,99605.0,34.69508361816406,18.604307644223255,24.8873376439515,2.0,1,F2,CST,12-FEB-50 00:30:00
10120407,1950-02-12T07:00:00+00:00,32.08,-98.35,737.84375,158.76205444335938,288.415771484375,288.154541015625,95727.0,23.943130493164062,9.772307965305629,19.54790355359843,1.0,0,F1,CST,12-FEB-50 01:15:00
10120408,1950-02-12T12:00:00+00:00,31.52,-96.55,117.0625,0.43754327297210693,288.625,288.5054931640625,98705.3125,34.71607208251953,9.355774137735672,19.15034160106952,2.0,1,F2,CST,12-FEB-50 06:10:00
10120409,1950-02-12T18:00:00+00:00,31.8,-94.2,718.15625,26.08182716369629,292.5733642578125,290.4425048828125,99335.9375,35.85264205932617,16.98082415421593,21.287079071771853,1.0,0,F1,CST,12-FEB-50 11:57:00
10120410,1950-02-12T18:00:00+00:00,31.8,-94.2,718.15625,26.08182716369629,292.5733642578125,290.4425048828125,99335.9375,35.85264205932617,16.98082415421593,21.287079071771853,3.0,1,F3,CST,12-FEB-50 12:00:00
10120411,1950-04-29T00:00:00+00:00,32.42,-99.5,1577.375,236.4532470703125,298.441650390625,288.73529052734375,93941.4375,25.187541961669922,5.647559421858187,15.84068007536975,4.0,1,F4,CST,28-APR-50 18:00:00
10120413,1950-05-05T03:00:00+00:00,36.4,-100.8,11.6875,,293.883056640625,270.3695068359375,89223.8125,12.813948631286621,8.100684741881002,9.707338899695289,2.0,1,F2,CST,04-MAY-50 20:30:00
10120414,1950-05-14T22:00:00+00:00,29.53,-95.45,2209.9375,108.78140258789062,300.682373046875,294.357177734375,100298.6875,40.23084259033203,3.4451356873493655,11.455034754844416,1.0,0,F1,CST,14-MAY-50 16:00:00
10120415,1950-05-15T06:00:00+00:00,29.78,-98.83,1986.875,274.25,291.41015625,291.018798828125,95470.375,24.554046630859375,5.360695129414872,13.703447081696234,2.0,1,F2,CST,15-MAY-50 00:01:00
10080563,1950-07-11T23:00:00+00:00,35.28,-103.52,1316.1875,54.046875,299.999267578125,291.211181640625,87271.6875,36.645877838134766,0.11185186165494597,3.9389955868818003,1.0,0,F1,CST,11-JUL-50 17:00:00
10080564,1950-08-02T19:00:00+00:00,34.12,-107.23,1463.125,36.17200469970703,296.56982421875,287.283935546875,81787.5,24.445308685302734,0.122468847147065,4.104859518045557,1.0,0,F1,CST,02-AUG-50 12:30:00
10050382,1950-05-01T11:00:00+00:00,31.73,-91.07,1563.8125,45.04695129394531,292.857177734375,292.628173828125,100483.9375,40.8598518371582,5.7196063827338905,15.552136329467444,1.0,0,F1,CST,01-MAY-50 05:00:00
10050383,1950-05-01T15:00:00+00:00,31.55,-91.38,1173.75,13.984434127807617,294.44189453125,294.165771484375,100870.75,45.66580581665039,6.161594922666133,17.83328177365251,,0,,CST,01-MAY-50 09:00:00
10050384,1950-06-03T07:00:00+00:00,33.08,-89.58,407.8125,30.718780517578125,295.356201171875,295.10009765625,100000.5,51.66395950317383,17.150618572025294,14.576809999458614,3.0,1,F3,CST,03-JUN-50 01:00:00
9981923,1950-02-12T19:00:00+00:00,34.48,-92.4,408.03125,1.8966048955917358,290.67877197265625,289.41961669921875,99427.625,35.660675048828125,17.14887339095778,22.434925548392126,2.0,1,F2,CST,12-FEB-50 12:30:00
9981924,1950-02-12T21:00:00+00:00,33.27,-92.95,294.5625,94.00003814697266,293.01763916015625,289.62200927734375,99431.125,39.57188415527344,15.255175570613082,24.958557794555013,2.0,1,F2,CST,12-FEB-50 15:00:00
9981925,1950-03-27T02:00:00+00:00,34.12,-93.07,1356.5625,1.7530384063720703,292.31005859375,292.08154296875,98035.4375,35.19964599609375,18.69218604207372,27.13439328135912,2.0,1,F2,CST,26-MAR-50 19:30:00
10063615,1950-01-03T17:00:00+00:00,38.77,-90.22,385.59375,7.21892786026001,286.37109375,286.2362976074219,98052.15625,36.02769088745117,15.683151262878608,26.451266787075628,3.0,1,F3,CST,03-JAN-50 11:00:00
10063617,1950-06-09T19:00:00+00:00,38.0,-92.22,1012.3125,358.0641174316406,299.724365234375,292.657958984375,98037.5625,34.39670181274414,4.510420991206682,9.732682643547303,1.0,0,F1,CST,09-JUN-50 13:00:00
10063618,1950-06-15T07:00:00+00:00,39.7,-92.07,330.0625,,297.6162109375,293.7966003417969,98451.875,33.70697784423828,11.351479239650576,13.166154779027602,1.0,0,F1,CST,15-JUN-50 01:00:00
10063619,1950-07-19T22:00:00+00:00,38.42,-92.77,118.375,,300.579833984375,292.45458984375,98222.125,30.695629119873047,5.029867924958214,14.127192957598758,1.0,0,F1,CST,19-JUL-50 16:00:00
10049527,1950-03-27T11:00:00+00:00,33.17,-90.55,1148.375,2.6251561641693115,293.32763671875,290.43890380859375,99126.4375,41.17563247680664,23.171791824195306,28.70236901000638,2.0,1,F2,CST,27-MAR-50 05:00:00
10049528,1950-03-27T14:00:00+00:00,33.13,-89.57,695.875,1.1564048528671265,293.211181640625,292.220703125,98112.375,42.33036422729492,18.920378420720127,30.183678610362673,2.0,1,F2,CST,27-MAR-50 07:30:00
10049529,1950-03-27T14:00:00+00:00,32.28,-90.27,736.0,3.062654972076416,294.192626953125,292.91015625,98472.375,42.95536422729492,16.756053216858607,31.741272823567574,2.0,1,F2,CST,27-MAR-50 07:45:00
10049530,1950-03-27T14:00:00+00:00,32.28,-90.27,736.0,3.062654972076416,294.192626953125,292.91015625,98472.375,42.95536422729492,16.756053216858607,31.741272823567574,2.0,1,F2,CST,27-MAR-50 07:45:00
10096231,1950-05-10T02:00:00+00:00,34.77,-96.83,471.34375,111.93754577636719,291.219970703125,290.18035888671875,97576.8125,43.031394958496094,12.831552105643633,12.594964770717734,1.0,0,F1,CST,09-MAY-50 20:20:00
10096232,1950-05-12T01:00:00+00:00,36.82,-100.52,0.1875,,292.0830078125,281.01153564453125,93085.4375,16.47555923461914,3.372725287663229,11.685455960877473,1.0,0,F1,CST,11-MAY-50 18:30:00
10096233,1950-05-17T02:00:00+00:00,35.82,-99.12,1272.1875,452.8475646972656,294.013916015625,289.7914123535156,94364.5625,25.72563362121582,7.498871839751426,14.488890920462486,1.0,0,F1,CST,16-MAY-50 19:30:00
10096234,1950-05-22T19:00:00+00:00,35.67,-99.23,745.3125,343.6044006347656,299.861083984375,285.466064453125,94993.625,23.552200317382812,4.148992928527634,6.868568018838766,1.0,0,F1,CST,22-MAY-50 12:39:00
10096235,1950-05-25T04:00:00+00:00,36.45,-99.03,1930.125,,298.988037109375,287.921630859375,94865.375,27.970458984375,10.088504803381367,18.938626086910418,2.0,1,F2,CST,24-MAY-50 21:30:00
10096236,1950-05-29T21:00:00+00:00,36.38,-95.27,2264.5,9.7813720703125,297.86865234375,294.0927734375,97902.9375,38.09383773803711,13.348041408948596,15.696152578272871,1.0,0,F1,CST,29-MAY-50 14:48:00
10096237,1950-06-10T00:00:00+00:00,36.8,-97.25,3747.9375,87.70574951171875,303.13330078125,295.96514892578125,97138.25,37.20677185058594,4.844009027829199,12.51335647716525,1.0,0,F1,CST,09-JUN-50 18:25:00
10049524,1950-02-12T18:00:00+00:00,34.6,-89.12,110.25,93.34745025634766,292.3868408203125,290.3028564453125,99518.9375,27.840923309326172,14.35658063285401,20.06786960295877,1.0,0,F1,CST,12-FEB-50 12:00:00
10049525,1950-02-12T18:00:00+00:00,34.6,-89.12,110.25,93.34745025634766,292.3868408203125,290.3028564453125,99518.9375,27.840923309326172,14.35658063285401,20.06786960295877,2.0,1,F2,CST,12-FEB-50 12:00:00
10049526,1950-03-01T09:00:00+00:00,32.5,-88.85,33.71875,,288.62451171875,288.21539306640625,99986.875,35.62923812866211,6.685688089232046,14.01513856683923,1.0,0,F1,CST,01-MAR-50 02:30:00
10073782,1950-05-09T04:00:00+00:00,40.38,-95.8,1130.6875,62.3751106262207,294.76611328125,292.37457275390625,96345.8125,35.56715774536133,15.645706682862599,27.052911920653006,2.0,1,F2,CST,08-MAY-50 22:10:00
10073783,1950-05-18T21:00:00+00:00,40.22,-100.63,631.375,236.85948181152344,299.47998046875,282.135986328125,90702.1875,18.487239837646484,0.42023009853272447,5.008787107307806,1.0,0,F1,CST,18-MAY-50 15:15:00
10073784,1950-06-14T00:00:00+00:00,42.6,-97.88,4508.125,360.0000305175781,304.309326171875,297.0290222167969,95152.5,35.234798431396484,4.4312381840506685,6.641130993580006,2.0,1,F2,CST,13-JUN-50 17:30:00
10073786,1950-07-16T00:00:00+00:00,41.8,-96.6,3479.875,167.54501342773438,300.409423828125,295.767822265625,95581.25,34.89691162109375,5.722354234458146,14.808738646800201,4.0,1,F4,CST,15-JUL-50 17:30:00
10073787,1950-09-22T00:00:00+00:00,40.72,-96.82,0.4375,,289.79541015625,284.181396484375,96920.4375,26.438335418701172,9.424604117076342,2.424439995338739,1.0,0,F1,CST,21-SEP-50 17:30:00
9986148,1950-07-12T22:00:00+00:00,41.57,-72.57,2077.4375,88.68760681152344,297.403076171875,294.29833984375,100266.0625,35.29181671142578,7.968869332243005,8.89476458323195,2.0,1,F2,CST,12-JUL-50 16:00:00
10047275,1950-11-20T14:00:00+00:00,32.42,-89.13,245.40625,2.371236562728882,294.447265625,293.046142578125,99750.75,40.55333709716797,16.402259559809615,14.10352727113372,1.0,0,F1,CST,20-NOV-50 07:30:00
9985758,1950-08-30T22:00:00+00:00,29.73,-84.98,934.8125,4.366191864013672,299.068359375,297.638671875,100389.25,56.49809646606445,8.28859775636103,15.03266887015978,1.0,0,F1,CST,30-AUG-50 16:00:00
9985759,1950-08-31T06:00:00+00:00,30.8,-85.2,776.0,0.9456882476806641,296.40234375,296.13623046875,99645.875,63.05884552001953,23.33987850460025,23.55811049917611,,0,,CST,31-AUG-50 00:02:00
10077691,1950-05-12T23:00:00+00:00,35.73,-78.4,52.96875,,296.51953125,288.04345703125,100205.8125,36.084632873535156,9.523185154688901,19.47142971989011,0.0,0,F0,CST,12-MAY-50 17:00:00
10077692,1950-05-12T23:00:00+00:00,35.73,-78.4,52.96875,,296.51953125,288.04345703125,100205.8125,36.084632873535156,9.523185154688901,19.47142971989011,1.0,0,F1,CST,12-MAY-50 17:00:00
10077693,1950-05-14T23:00:00+00:00,35.3,-79.8,487.5,12.781380653381348,290.0673828125,288.7314453125,98863.625,34.58837127685547,13.12322161801199,17.63738918356649,1.0,0,F1,CST,14-MAY-50 17:00:00
10077694,1950-05-15T00:00:00+00:00,35.0,-80.68,583.375,7.283298492431641,293.276123046875,291.85009765625,98466.375,32.49742889404297,12.1602666465078,13.07487837382937,2.0,1,F2,CST,14-MAY-50 17:30:00
10077695,1950-05-31T22:00:00+00:00,35.42,-77.25,303.5625,40.546958923339844,296.29296875,291.1259765625,100955.9375,41.806793212890625,7.845153392415094,10.468346203521884,1.0,0,F1,CST,31-MAY-50 15:30:00
10077696,1950-07-26T22:00:00+00:00,35.53,-77.4,665.625,186.3062286376953,300.735107421875,294.183349609375,101230.125,44.575721740722656,9.875675374233428,13.999397274746014,1.0,0,F1,CST,26-JUL-50 15:30:00
10077697,1950-07-27T22:00:00+00:00,35.4,-80.57,1321.5,18.172096252441406,297.475830078125,295.755126953125,98926.6875,48.3344612121582,4.487460058327971,7.020566230889111,1.0,0,F1,CST,27-JUL-50 16:20:00
10077698,1950-10-09T08:00:00+00:00,34.17,-78.6,371.0,144.5157012939453,295.849853515625,293.15673828125,100721.8125,43.97624969482422,14.776916161186925,14.4981091385416,3.0,1,F3,CST,09-OCT-50 02:15:00
10077690,1950-05-12T20:00:00+00:00,35.75,-77.42,37.5,,300.854248046875,288.74041748046875,100892.6875,33.45079040527344,4.629139921292463,13.93116762725295,1.0,0,F1,CST,12-MAY-50 14:00:00
9983002,1950-04-02T22:00:00+00:00,35.75,-91.22,432.625,100.73439025878906,293.512451171875,290.193603515625,99692.5,32.666358947753906,11.60739340587171,20.10272368186949,3.0,1,F3,CST,02-APR-50 15:30:00
9979423,1950-04-18T08:00:00+00:00,30.7,-87.92,550.5,3.0937633514404297,290.973388671875,289.93798828125,101032.1875,30.728233337402344,12.61498497205814,14.696590679802686,2.0,1,F2,CST,18-APR-50 01:45:00
9981926,1950-03-27T02:00:00+00:00,34.17,-93.03,1471.125,1.6749134063720703,292.34619140625,292.08251953125,98209.4375,34.86175537109375,20.599554253791798,26.56630232837992,2.0,1,F2,CST,26-MAR-50 19:30:00
9983000,1950-03-27T03:00:00+00:00,34.98,-91.73,1385.25,15.265686988830566,293.637939453125,292.480712890625,98708.125,35.1762809753418,22.592246629111422,23.81525945133827,3.0,1,F3,CST,26-MAR-50 21:15:00
9983001,1950-03-27T06:00:00+00:00,35.1,-91.4,368.03125,3.3900179862976074,292.087646484375,291.2832336425781,98654.6875,34.85424041748047,9.677809796001467,33.4197884028569,2.0,1,F2,CST,26-MAR-50 23:30:00
10035921,1950-11-20T08:00:00+00:00,37.37,-87.2,290.015625,1.3769547939300537,289.6212158203125,288.684814453125,98360.5625,40.475284576416016,22.056018090782707,21.074774256444453,2.0,1,F2,CST,20-NOV-50 02:20:00
10035922,1950-11-20T10:00:00+00:00,38.2,-84.5,63.46875,1.4844274520874023,286.11358642578125,285.3714294433594,96753.5,35.64882278442383,21.934862374263115,35.76874059003318,1.0,0,F1,CST,20-NOV-50 04:00:00
9982998,1950-03-27T02:00:00+00:00,36.15,-91.83,664.125,4.15928840637207,291.57275390625,291.00732421875,96950.4375,30.911558151245117,18.7269932177672,28.180818080881924,3.0,1,F3,CST,26-MAR-50 19:31:00
9982999,1950-03-27T03:00:00+00:00,34.7,-92.35,804.875,5.078186988830566,292.965087890625,292.638916015625,98194.125,36.8989372253418,18.453948601661693,24.387201130311883,2.0,1,F2,CST,26-MAR-50 20:30:00
9985754,1950-03-16T15:00:00+00:00,29.65,-81.22,480.59375,137.92001342773438,294.0772399902344,291.224365234375,101174.25,37.64747619628906,16.82350049641771,21.35423992312044,2.0,1,F2,CST,16-MAR-50 09:15:00
9985755,1950-05-08T19:00:00+00:00,29.13,-81.35,57.4375,,302.0966796875,287.89569091796875,101776.625,39.052101135253906,1.1972093018896974,3.308318161098562,1.0,0,F1,CST,08-MAY-50 13:00:00
9985756,1950-05-15T17:00:00+00:00,28.58,-81.37,437.5625,96.93767547607422,296.834716796875,290.28662109375,100932.8125,41.75692367553711,7.643975828218012,9.63846992489851,1.0,0,F1,CST,15-MAY-50 11:00:00
9985757,1950-05-15T17:00:00+00:00,28.5,-81.37,309.9375,,299.490966796875,288.72802734375,100895.8125,40.92782211303711,7.307382891103437,8.338903332158871,2.0,1,F2,CST,15-MAY-50 11:00:00
9983003,1950-04-03T00:00:00+00:00,35.98,-89.92,214.28125,,292.36474609375,289.7216796875,99802.0,31.77853775024414,17.52980403151628,18.223314541257135,1.0,0,F1,CST,02-APR-50 18:00:00
9983004,1950-08-24T10:00:00+00:00,34.4,-91.43,706.75,90.82221221923828,294.840087890625,292.97412109375,100791.8125,45.34397506713867,10.872356711519089,8.938951143258528,2.0,1,F2,CST,24-AUG-50 03:45:00
9983005,1950-12-02T22:00:00+00:00,36.12,-91.83,713.5,26.788930892944336,287.2120361328125,286.28277587890625,97890.25,28.926467895507812,15.437342569034215,22.09660584778932,3.0,1,F3,CST,02-DEC-50 16:25:00
10038920,1950-08-11T23:00:00+00:00,39.33,-75.87,889.25,214.0800323486328,298.058837890625,293.335205078125,101254.5625,35.53662109375,2.1099288634666142,5.620580825464805,1.0,0,F1,CST,11-AUG-50 17:00:00
10052051,1950-06-15T23:00:00+00:00,46.58,-96.33,826.875,144.96878051757812,296.484375,292.20135498046875,96879.75,29.971891403198242,3.8901007742393197,13.398376548741702,2.0,1,F2,CST,15-JUN-50 16:42:00
10063620,1950-08-08T07:00:00+00:00,37.13,-93.38,1530.0,9.551905632019043,294.9287109375,294.030517578125,97303.3125,41.62866973876953,12.59266909978203,11.648362946219738,1.0,0,F1,CST,08-AUG-50 01:00:00
10110746,1950-05-08T11:00:00+00:00,43.38,-97.97,313.5625,83.59380340576172,280.003173828125,277.726318359375,96398.125,27.87930679321289,16.882946303363315,27.472716814965224,1.0,0,F1,CST,08-MAY-50 04:30:00
10017011,1950-06-16T02:00:00+00:00,41.98,-93.6,3445.75,472.5625305175781,299.033203125,295.7330322265625,97364.0625,39.104576110839844,8.351890094573223,13.713910783956662,3.0,1,F3,CST,15-JUN-50 20:00:00
10017012,1950-07-02T02:00:00+00:00,42.45,-91.92,1140.8125,114.43922424316406,291.861572265625,290.88134765625,97680.5625,33.50370788574219,8.719213281300881,15.197574655874694,2.0,1,F2,CST,01-JUL-50 20:00:00
10017009,1950-05-05T03:00:00+00:00,40.95,-95.73,1870.5,33.843814849853516,293.342041015625,291.1888427734375,95796.8125,37.05613708496094,16.44510201432799,16.252293695483,1.0,0,F1,CST,04-MAY-50 21:00:00
10017010,1950-05-09T01:00:00+00:00,41.03,-95.27,831.25,183.3125762939453,293.06982421875,288.696533203125,96487.0,36.822235107421875,13.229999470955624,21.787491560428634,2.0,1,F2,CST,08-MAY-50 19:20:00
10032623,1950-02-12T19:00:00+00:00,31.97,-94.0,763.03125,69.8966064453125,291.57135009765625,289.69305419921875,99338.625,35.557159423828125,16.79715600415425,16.69404367214936,4.0,1,F4,CST,12-FEB-50 13:00:00
10032624,1950-02-12T19:00:00+00:00,32.2,-93.58,883.3125,93.6466064453125,291.82720947265625,289.45086669921875,99485.625,35.524932861328125,17.206812566751026,18.955315899602077,2.0,1,F2,CST,12-FEB-50 13:20:00
10032625,1950-02-12T20:00:00+00:00,31.63,-93.65,360.25,67.0468978881836,292.4310302734375,290.81622314453125,99425.125,36.17942810058594,15.298177888363728,12.728113319341851,3.0,1,F3,CST,12-FEB-50 14:00:00
10032626,1950-02-12T20:00:00+00:00,32.35,-93.77,518.125,64.6406478881836,292.8782958984375,289.91973876953125,99504.125,37.51536560058594,15.659885937270877,17.548006884826037,4.0,1,F4,CST,12-FEB-50 14:00:00
10032628,1950-02-12T20:00:00+00:00,32.47,-93.7,518.125,64.6406478881836,292.8782958984375,289.91973876953125,99504.125,37.51536560058594,15.659885937270877,17.548006884826037,4.0,1,F4,CST,12-FEB-50 14:20:00
10032629,1950-02-12T21:00:00+00:00,31.83,-93.47,374.5,141.23440551757812,293.09283447265625,291.40130615234375,99561.125,37.10411071777344,15.67900609882475,15.428098603796228,3.0,1,F3,CST,12-FEB-50 14:30:00
10032630,1950-02-12T21:00:00+00:00,32.0,-93.27,385.125,92.15628814697266,293.01861572265625,291.49114990234375,99676.125,36.97129821777344,15.562144852355214,15.14704243692888,3.0,1,F3,CST,12-FEB-50 15:00:00
10032631,1950-02-12T21:00:00+00:00,32.85,-93.43,324.8125,51.81253433227539,292.99810791015625,289.93353271484375,99345.125,39.76622009277344,15.156512778840703,20.798022510874233,4.0,1,F4,CST,12-FEB-50 15:00:00
10032632,1950-02-12T21:00:00+00:00,32.18,-93.2,449.8125,74.31253814697266,293.12896728515625,291.06048583984375,99601.125,36.86094665527344,15.841190455365249,14.636880351998371,3.0,1,F3,CST,12-FEB-50 15:20:00
10032633,1950-02-13T05:00:00+00:00,32.6,-91.33,458.78125,4.015058994293213,291.3337707519531,291.21026611328125,100229.9375,41.02336120605469,12.503308103742933,17.86346471128536,1.0,0,F1,CST,12-FEB-50 23:00:00
10032634,1950-03-19T14:00:00+00:00,30.45,-93.45,383.84375,54.7813835144043,286.8988342285156,286.656494140625,101018.8125,32.55354690551758,11.164000057970085,16.4095065948025,1.0,0,F1,CST,19-MAR-50 07:30:00
10032635,1950-03-19T19:00:00+00:00,29.7,-90.1,526.375,104.24761199951172,292.8603515625,288.91986083984375,101337.4375,28.158676147460938,6.400962995350583,15.88706107781066,0.0,0,F0,CST,19-MAR-50 13:15:00
10032636,1950-03-19T19:00:00+00:00,30.1,-91.0,629.21875,24.71636390686035,292.5458984375,289.05657958984375,101178.4375,30.567855834960938,6.452900415178777,19.655974042153044,2.0,1,F2,CST,19-MAR-50 13:15:00
10086808,1950-01-03T22:00:00+00:00,40.88,-84.58,128.328125,34.781429290771484,288.1807861328125,287.37078857421875,97076.46875,35.445648193359375,21.112342303195284,22.218316252553066,1.0,0,F1,CST,03-JAN-50 16:00:00
10086809,1950-07-19T21:00:00+00:00,40.8,-84.62,703.0,13.500059127807617,295.0751953125,293.38330078125,98108.0,51.82213592529297,10.076820380067263,20.619943992117406,2.0,1,F2,CST,19-JUL-50 15:15:00
10086810,1950-07-19T21:00:00+00:00,40.72,-84.08,495.75,48.328182220458984,296.06396484375,293.55908203125,97893.0,48.95104217529297,8.597424000135955,19.643799868082766,3.0,1,F3,CST,19-JUL-50 15:15:00
10027577,1950-04-28T23:00:00+00:00,38.12,-95.85,1097.8125,121.81526184082031,283.6953125,283.1632080078125,96986.6875,28.933101654052734,14.543287708541344,22.088744269449112,1.0,0,F1,CST,28-APR-50 17:00:00
10027578,1950-05-05T02:00:00+00:00,38.68,-99.32,2414.5,445.12518310546875,292.49267578125,287.8973388671875,91559.75,28.04161834716797,11.562254705693032,25.164582078083146,1.0,0,F1,CST,04-MAY-50 20:00:00
10027579,1950-05-05T05:00:00+00:00,38.03,-99.12,1576.0625,82.3437728881836,293.121826171875,290.9132080078125,91651.0,30.779964447021484,11.380139832753517,15.917636696251195,4.0,1,F4,CST,04-MAY-50 23:10:00
10027580,1950-05-05T06:00:00+00:00,38.27,-98.92,684.875,,292.32958984375,288.15863037109375,91979.6875,20.06494903564453,11.66906346142119,10.873886797331098,4.0,1,F4,CST,04-MAY-50 23:30:00
10027581,1950-05-05T10:00:00+00:00,39.62,-95.62,477.0625,99.87500762939453,292.61328125,289.73614501953125,94900.125,36.624385833740234,17.859268435938848,29.30742241699847,3.0,1,F3,CST,05-MAY-50 03:30:00
10027582,1950-05-05T10:00:00+00:00,39.65,-95.57,477.0625,99.87500762939453,292.61328125,289.73614501953125,94900.125,36.624385833740234,17.859268435938848,29.30742241699847,3.0,1,F3,CST,05-MAY-50 03:40:00
10027583,1950-05-09T01:00:00+00:00,39.35,-98.48,1688.25,135.2032012939453,295.64599609375,293.163330078125,94431.0,29.083953857421875,12.082593804126326,24.667869374379716,2.0,1,F2,CST,08-MAY-50 18:30:00
10027584,1950-05-09T01:00:00+00:00,39.57,-98.3,1633.5625,22.390703201293945,293.48681640625,292.064697265625,94319.0,32.426727294921875,11.713738524250699,24.24609967408024,2.0,1,F2,CST,08-MAY-50 19:00:00
10089655,1950-06-13T17:00:00+00:00,46.8,-97.92,802.625,454.35955810546875,299.90771484375,292.85400390625,96437.625,25.824594497680664,1.0546610740574704,7.84772291677452,3.0,1,F3,CST,13-JUN-50 11:05:00
10089656,1950-06-14T23:00:00+00:00,48.92,-103.77,1045.25,264.0625915527344,294.96533203125,289.83013916015625,93604.25,25.909107208251953,1.055800916930353,8.653110049158736,3.0,1,F3,CST,14-JUN-50 17:00:00
10120416,1950-05-25T23:00:00+00:00,32.67,-101.88,5.4375,550.7657470703125,300.124267578125,284.66644287109375,91035.75,24.073619842529297,1.6608854074543344,8.705837831034788,1.0,0,F1,CST,25-MAY-50 16:30:00
10120417,1950-05-29T23:00:00+00:00,33.35,-96.92,3608.375,226.84390258789062,300.9599609375,293.43701171875,98122.5625,37.910545349121094,9.279215583151935,15.840532040234118,1.0,0,F1,CST,29-MAY-50 17:00:00
10120418,1950-06-05T22:00:00+00:00,30.18,-96.4,0.0,238.23146057128906,297.037353515625,290.2747497558594,99966.3125,37.931434631347656,5.502924017728292,18.14445189440493,3.0,1,F3,CST,05-JUN-50 15:55:00
10120419,1950-06-05T22:00:00+00:00,29.9,-96.4,0.0,240.76271057128906,297.311767578125,290.4436950683594,100050.3125,37.181434631347656,4.928029346254205,17.37318380114039,1.0,0,F1,CST,05-JUN-50 16:00:00
10120420,1950-06-20T03:00:00+00:00,36.08,-102.53,148.8125,426.7031555175781,297.8603515625,281.9718017578125,87480.5,22.842880249023438,0.15295459166185787,8.95239930677764,0.0,0,F0,CST,19-JUN-50 20:40:00
10004029,1950-07-19T21:00:00+00:00,40.22,-87.15,247.0,42.453182220458984,298.126953125,296.18212890625,98451.0,50.89635467529297,13.717564496909173,13.894583583059255,1.0,0,F1,CST,19-JUL-50 14:30:00
10004030,1950-07-20T00:00:00+00:00,41.07,-85.08,109.5,,293.462890625,292.2353515625,97719.75,47.442970275878906,11.96906437672025,9.505506144461105,2.0,1,F2,CST,19-JUL-50 17:45:00
9991325,1950-07-22T21:00:00+00:00,40.52,-104.57,659.125,279.9737854003906,300.701904296875,282.985107421875,84526.5625,20.55355453491211,0.11750899600961472,0.9433752563968506,,0,,CST,22-JUL-50 15:07:00
10004028,1950-07-04T00:00:00+00:00,41.65,-86.3,421.1875,6.671923637390137,292.940673828125,291.279541015625,98615.0,35.87132263183594,6.499702103764528,6.690696167981019,,0,,CST,03-JUL-50 18:20:00
9991326,1950-08-06T00:00:00+00:00,40.73,-102.55,1457.625,,301.478271484375,286.463134765625,87603.3125,26.032405853271484,0.18274122586256414,12.245901575872558,2.0,1,F2,CST,05-AUG-50 17:30:00
9991327,1950-08-06T00:00:00+00:00,40.7,-102.5,2310.5,,300.879150390625,288.942626953125,88221.3125,28.079280853271484,0.14203594380065973,12.239346253335464,2.0,1,F2,CST,05-AUG-50 17:35:00
10117453,1950-04-27T22:00:00+00:00,33.07,-80.0,1521.5,193.71568298339844,293.930419921875,290.58575439453125,101118.875,31.675457000732422,1.3647406283546635,7.2761236450796245,1.0,0,F1,CST,27-APR-50 16:00:00
9981922,1950-01-13T11:00:00+00:00,34.4,-94.37,224.484375,3.339185953140259,288.7308044433594,288.6522216796875,97539.0625,38.13103485107422,19.31773873075027,24.92995746534206,3.0,1,F3,CST,13-JAN-50 05:25:00
10120402,1950-02-11T19:00:00+00:00,29.42,-95.25,1060.15625,33.93756866455078,294.2286376953125,291.53094482421875,101047.75,34.84709930419922,8.991723232252859,11.73021739101833,2.0,1,F2,CST,11-FEB-50 13:10:00
10027585,1950-05-09T02:00:00+00:00,39.23,-98.95,1792.6875,154.42205810546875,293.228515625,290.705322265625,93650.625,31.952146530151367,5.372438677781987,25.752050828387603,2.0,1,F2,CST,08-MAY-50 19:30:00
9986149,1950-07-14T13:00:00+00:00,41.27,-73.5,0.0,,291.4052734375,285.898681640625,99902.625,15.251626968383789,7.982986518329546,18.401337150645894,2.0,1,F2,CST,14-JUL-50 06:30:00
10147653,1950-08-09T23:00:00+00:00,39.28,-81.38,1126.625,67.73443603515625,293.967529296875,292.3020935058594,98848.25,40.48484420776367,6.550794395115272,10.471712578003606,1.0,0,F1,CST,09-AUG-50 16:55:00
10032627,1950-02-12T20:00:00+00:00,32.8,-93.23,704.875,73.4687728881836,293.3216552734375,289.30255126953125,99274.125,37.06028747558594,16.02145841785566,21.979924084579615,2.0,1,F2,CST,12-FEB-50 14:20:00
9979207,1950-04-18T08:00:00+00:00,30.67,-88.2,514.34375,3.3593883514404297,290.739990234375,289.86181640625,100971.1875,30.372764587402344,12.739576683912045,15.580968090790849,3.0,1,F3,CST,18-APR-50 01:30:00
10162813,1950-05-10T19:00:00+00:00,41.18,-110.42,5.0,,276.245361328125,268.0409851074219,75421.125,4.648656845092773,0.1473594735246881,0.8910875235087234,2.0,1,F2,CST,10-MAY-50 13:00:00
10162814,1950-06-07T22:00:00+00:00,43.08,-104.5,441.1875,39.734378814697266,295.472900390625,279.1431884765625,85390.0625,22.100143432617188,0.3111352966411044,6.4643031584884385,1.0,0,F1,CST,07-JUN-50 15:30:00
10162815,1950-06-14T22:00:00+00:00,44.13,-104.18,640.5625,435.2490234375,295.562744140625,281.8388671875,83243.75,15.810680389404297,1.1405650613819338,9.817122032006685,1.0,0,F1,CST,14-JUN-50 16:00:00
10063616,1950-01-26T02:00:00+00:00,37.6,-90.68,306.03125,1.3071789741516113,288.60723876953125,288.33062744140625,97632.375,32.33998107910156,7.989922689870119,27.233685006933108,2.0,1,F2,CST,25-JAN-50 19:30:00
10027586,1950-05-09T03:00:00+00:00,39.4,-97.65,1873.75,174.15628051757812,294.822998046875,291.472900390625,95175.25,33.234222412109375,14.465222499766618,26.00044729271936,1.0,0,F1,CST,08-MAY-50 21:17:00
10001430,1950-05-30T20:00:00+00:00,34.75,-84.92,1443.8125,60.65625762939453,297.571533203125,287.523681640625,97709.75,39.89091491699219,8.823129589610758,12.462967243830295,1.0,0,F1,CST,30-MAY-50 14:00:00
10001431,1950-06-04T12:00:00+00:00,33.68,-84.93,138.5,16.375064849853516,295.336181640625,293.14013671875,97448.75,44.3189697265625,13.014883198503576,12.81559669185729,0.0,0,F0,CST,04-JUN-50 06:00:00
10001432,1950-06-04T14:00:00+00:00,33.85,-84.25,288.4375,6.265670299530029,295.534423828125,293.953369140625,97583.1875,48.79857635498047,11.825041581630998,14.874548604096596,1.0,0,F1,CST,04-JUN-50 08:00:00
10001433,1950-06-08T00:00:00+00:00,33.03,-84.15,404.3125,111.70316314697266,295.264892578125,294.0679931640625,99567.75,45.24863815307617,9.012605159002844,8.505760548236488,1.0,0,F1,CST,07-JUN-50 17:30:00
10028677,1950-08-07T00:00:00+00:00,37.97,-100.77,2471.5,234.2500457763672,298.952392578125,293.255859375,91467.625,38.01932144165039,3.3665983587223764,12.409915052839006,2.0,1,F2,CST,06-AUG-50 18:00:00
10028678,1950-08-07T01:00:00+00:00,39.13,-100.63,1973.25,108.4375228881836,295.763916015625,292.97900390625,91454.875,36.07454299926758,2.8652708772461963,8.409569089588226,2.0,1,F2,CST,06-AUG-50 18:30:00
10028679,1950-08-28T21:00:00+00:00,37.47,-100.82,2298.625,93.40628814697266,301.73681640625,290.17333984375,90948.875,30.28228187561035,0.9199935188331027,7.650374399912739,1.0,0,F1,CST,28-AUG-50 14:50:00
10027587,1950-05-09T04:00:00+00:00,39.72,-97.77,1462.6875,7.796985149383545,290.46142578125,289.71051025390625,95182.8125,34.99977493286133,5.035656284078267,31.52281829173332,1.0,0,F1,CST,08-MAY-50 21:30:00
10027588,1950-05-09T06:00:00+00:00,39.2,-96.58,1174.84375,29.843847274780273,294.6083984375,291.52166748046875,96081.75,37.47580337524414,7.780949448400823,26.51986861922923,,0,,CST,09-MAY-50 00:01:00
10027589,1950-05-17T00:00:00+00:00,37.55,-98.42,617.125,58.460628509521484,296.92626953125,290.03802490234375,94782.25,27.40084457397461,2.494368904330919,12.103360330009858,2.0,1,F2,CST,16-MAY-50 18:00:00
10027590,1950-05-19T01:00:00+00:00,39.85,-98.3,1094.6875,223.21875,294.99462890625,293.30474853515625,94236.375,31.548927307128906,5.905752832119902,15.33392244515557,0.0,0,F0,CST,18-MAY-50 19:00:00
10027591,1950-05-19T01:00:00+00:00,38.12,-96.82,2171.1875,265.484375,295.25439453125,293.33502197265625,95446.375,30.510841369628906,12.747407323787456,8.743109195030724,3.0,1,F3,CST,18-MAY-50 19:00:00
10027592,1950-05-19T08:00:00+00:00,37.82,-96.85,1862.625,44.26202392578125,288.439697265625,286.371337890625,95659.5,27.876968383789062,7.712182704579288,17.054405946525364,0.0,0,F0,CST,19-MAY-50 01:30:00
10027593,1950-05-24T00:00:00+00:00,39.75,-99.32,1935.375,,304.970947265625,290.193115234375,93221.25,18.62555694580078,6.9614746180769265,7.07946807862449,0.0,0,F0,CST,23-MAY-50 18:00:00
10027594,1950-05-24T20:00:00+00:00,37.27,-99.48,1148.3125,422.42938232421875,303.44384765625,283.901123046875,93063.5,23.006298065185547,2.8199262727749552,9.626814116167509,2.0,1,F2,CST,24-MAY-50 13:30:00
10027595,1950-05-25T00:00:00+00:00,39.38,-96.97,1394.625,67.73450469970703,293.80908203125,290.8402404785156,96330.0625,34.09286117553711,11.055408639984705,6.484703337511296,1.0,0,F1,CST,24-MAY-50 17:30:00
10027596,1950-06-09T02:00:00+00:00,38.33,-97.93,2732.0,96.20316314697266,298.232177734375,294.24798583984375,95312.1875,33.04458999633789,11.927660364756706,17.823847580640006,4.0,1,F4,CST,08-JUN-50 20:10:00
10027597,1950-06-09T02:00:00+00:00,38.33,-97.92,2732.0,96.20316314697266,298.232177734375,294.24798583984375,95312.1875,33.04458999633789,11.927660364756706,17.823847580640006,4.0,1,F4,CST,08-JUN-50 20:15:00
10146801,1950-06-26T01:00:00+00:00,45.42,-91.0,1743.625,16.34870147705078,296.318603515625,294.607177734375,96143.3125,44.817970275878906,12.372844395458255,21.508297473037914,,0,,CST,25-JUN-50 19:20:00
10146802,1950-06-26T03:00:00+00:00,45.57,-90.3,306.625,201.140869140625,291.7587890625,291.277587890625,95386.1875,36.7742805480957,10.377051024622649,17.015431088974974,2.0,1,F2,CST,25-JUN-50 20:30:00
10146803,1950-06-26T03:00:00+00:00,44.83,-90.35,366.625,23.312746047973633,293.876953125,292.434814453125,96177.1875,40.4197883605957,13.413044665400845,17.015080747331357,2.0,1,F2,CST,25-JUN-50 21:00:00
10146804,1950-06-26T03:00:00+00:00,45.58,-89.58,1069.875,70.250244140625,292.1865234375,291.427978515625,95116.1875,42.5477180480957,9.10286883193257,18.675516610607335,4.0,1,F4,CST,25-JUN-50 21:00:00
10146805,1950-06-26T03:00:00+00:00,44.92,-90.32,366.625,23.312746047973633,293.876953125,292.434814453125,96177.1875,40.4197883605957,13.413044665400845,17.015080747331357,2.0,1,F2,CST,25-JUN-50 21:10:00
10146806,1950-06-26T06:00:00+00:00,43.95,-88.95,74.875,559.193603515625,294.971923828125,293.30322265625,97889.0625,24.239521026611328,13.338485024570625,17.543377060144064,3.0,1,F3,CST,25-JUN-50 23:30:00
10009710,1950-01-03T17:00:00+00:00,38.82,-90.1,385.59375,7.21892786026001,286.37109375,286.2362976074219,98052.15625,36.02769088745117,15.683151262878608,26.451266787075628,3.0,1,F3,CST,03-JAN-50 11:10:00
10009711,1950-01-03T18:00:00+00:00,39.1,-89.3,431.171875,15.390726089477539,288.3560485839844,288.10406494140625,97667.3671875,36.60152053833008,17.26108970536584,25.427180713488614,3.0,1,F3,CST,03-JAN-50 11:55:00
10009712,1950-01-26T03:00:00+00:00,41.17,-87.33,48.84375,,279.615966796875,277.39501953125,98686.3125,23.754722595214844,15.243577339100808,32.065141451456334,2.0,1,F2,CST,25-JAN-50 21:00:00
10009713,1950-03-27T23:00:00+00:00,40.57,-88.6,0.0,,284.658447265625,274.68023681640625,95871.4375,11.515206336975098,12.029773207026674,24.439336656800318,2.0,1,F2,CST,27-MAR-50 16:30:00
10028460,1950-06-16T22:00:00+00:00,38.28,-101.28,814.9375,39.998802185058594,303.5341796875,284.82501220703125,90345.1875,38.782867431640625,0.48023826163031885,6.865235375706762,1.0,0,F1,CST,16-JUN-50 15:30:00
10028461,1950-06-26T01:00:00+00:00,37.77,-97.47,1362.5,,307.782470703125,294.559326171875,96142.3125,39.876564025878906,5.153373575320096,8.362181996611637,0.0,0,F0,CST,25-JUN-50 18:45:00
10028462,1950-06-26T03:00:00+00:00,39.5,-99.62,0.0,,298.2001953125,273.544189453125,93746.1875,12.933459281921387,6.197231044853841,12.329791906346987,0.0,0,F0,CST,25-JUN-50 21:00:00
10028463,1950-07-01T18:00:00+00:00,39.3,-96.92,2236.625,778.9390258789062,306.232177734375,294.521484375,96756.0625,29.671951293945312,4.718341697346665,12.225925678231068,1.0,0,F1,CST,01-JUL-50 12:00:00
10028464,1950-07-01T18:00:00+00:00,38.7,-97.08,2025.125,539.2359008789062,305.254638671875,294.0595703125,96574.0625,31.430740356445312,5.3030293109702855,9.020298012686956,2.0,1,F2,CST,01-JUL-50 12:00:00
10126026,1950-02-13T07:00:00+00:00,35.35,-89.77,181.25,3.831012487411499,290.08001708984375,289.57415771484375,99472.5,36.65528106689453,18.042819297704483,20.644939068486213,1.0,0,F1,CST,13-FEB-50 01:00:00
10126027,1950-02-13T08:00:00+00:00,35.75,-89.48,108.53125,,289.9541320800781,289.2164001464844,99429.0625,36.16456604003906,17.999302091138194,17.33755345412713,2.0,1,F2,CST,13-FEB-50 02:00:00
10126028,1950-03-27T21:00:00+00:00,35.68,-85.77,151.09375,106.5312728881836,290.45361328125,288.2467041015625,94895.25,34.54408645629883,12.163561259920614,26.585454315475015,1.0,0,F1,CST,27-MAR-50 15:00:00
10032637,1950-03-27T12:00:00+00:00,32.63,-91.28,324.875,1.056868314743042,292.56982421875,291.34423828125,99272.1875,38.822933197021484,7.645910115271419,32.36244482943619,1.0,0,F1,CST,27-MAR-50 06:00:00
10032638,1950-03-27T15:00:00+00:00,30.92,-91.13,800.4375,4.859382629394531,289.546142578125,288.8412170410156,99262.5,39.78953552246094,7.960017263590221,34.35861271835999,1.0,0,F1,CST,27-MAR-50 08:30:00
10032639,1950-04-24T14:00:00+00:00,30.1,-90.03,1091.875,66.3456802368164,294.855712890625,292.8984375,101050.125,33.78532028198242,6.518506331884058,6.100767281031374,1.0,0,F1,CST,24-APR-50 07:45:00
10032640,1950-05-01T07:00:00+00:00,31.7,-93.3,1117.0625,78.73450469970703,293.643798828125,293.4990234375,100436.625,40.503990173339844,4.65708827700184,7.108603991285841,1.0,0,F1,CST,01-MAY-50 01:00:00
10032641,1950-05-01T17:00:00+00:00,31.95,-92.63,917.125,48.828189849853516,295.765869140625,294.31201171875,100637.5625,48.05623245239258,8.773512008170615,18.70575780764358,1.0,0,F1,CST,01-MAY-50 10:30:00
10032642,1950-05-01T17:00:00+00:00,31.55,-92.9,980.6875,100.45318603515625,297.177001953125,294.79541015625,100573.5625,49.51131057739258,10.277311201259382,20.610186200150466,2.0,1,F2,CST,01-MAY-50 11:25:00
10032643,1950-05-01T18:00:00+00:00,31.75,-92.25,453.5625,5.37512731552124,297.611328125,295.105224609375,100709.5625,50.21419906616211,15.035050652513414,17.70557613929105,0.0,0,F0,CST,01-MAY-50 11:30:00
10032644,1950-05-01T18:00:00+00:00,31.38,-91.73,690.0,101.93762969970703,299.3271484375,295.090576171875,100871.5625,46.72982406616211,15.750955968673242,17.60542093606824,1.0,0,F1,CST,01-MAY-50 11:30:00
10032645,1950-05-02T08:00:00+00:00,31.67,-92.9,1817.5,0.15629899501800537,292.9609375,292.599853515625,99889.3125,42.96134948730469,17.24351686688001,23.60000214948018,1.0,0,F1,CST,02-MAY-50 02:00:00
10032646,1950-05-02T08:00:00+00:00,31.72,-92.83,1817.5,0.15629899501800537,292.9609375,292.599853515625,99889.3125,42.96134948730469,17.24351686688001,23.60000214948018,1.0,0,F1,CST,02-MAY-50 02:00:00
10032647,1950-05-02T09:00:00+00:00,31.55,-91.97,919.75,22.96875,293.37451171875,292.670654296875,100274.1875,42.5904655456543,16.95435578254429,24.330030505216342,2.0,1,F2,CST,02-MAY-50 03:00:00
10032648,1950-05-13T18:00:00+00:00,31.15,-91.95,708.9375,17.81254768371582,295.531494140625,292.8370361328125,100839.625,46.65007019042969,7.065961578508129,7.949975265599436,1.0,0,F1,CST,13-MAY-50 11:30:00
10032649,1950-05-30T05:00:00+00:00,32.1,-93.9,1258.6875,899.2454223632812,295.4365234375,291.8232421875,100006.25,41.378807067871094,14.260110119228584,16.215153752526415,1.0,0,F1,CST,29-MAY-50 23:00:00
10032650,1950-05-30T05:00:00+00:00,31.67,-93.7,819.4375,,295.1474609375,292.14453125,100079.25,34.889549255371094,12.442267020212103,13.98069853458656,1.0,0,F1,CST,29-MAY-50 23:00:00
10028675,1950-07-18T23:00:00+00:00,37.68,-95.52,1646.75,30.20313262939453,299.450439453125,296.309326171875,97811.25,51.008262634277344,9.55223310082803,15.165242468556496,1.0,0,F1,CST,18-JUL-50 16:30:00
10028676,1950-08-06T21:00:00+00:00,39.93,-101.0,3008.25,14.288219451904297,300.350830078125,292.955322265625,91294.4375,39.05305099487305,2.390315283562794,7.789552814627801,1.0,0,F1,CST,06-AUG-50 15:00:00
10028673,1950-07-03T01:00:00+00:00,38.47,-100.88,1037.8125,523.2813110351562,299.515869140625,289.02490234375,90955.8125,32.903106689453125,1.5498135469746777,5.344673358136202,2.0,1,F2,CST,02-JUL-50 19:00:00
10028674,1950-07-09T05:00:00+00:00,39.82,-96.8,1107.8125,296.6108703613281,295.056396484375,292.106689453125,96493.0,50.97194290161133,12.9916348064881,12.06874591568434,1.0,0,F1,CST,08-JUL-50 22:45:00
10009714,1950-06-13T09:00:00+00:00,41.95,-89.77,746.6875,177.28128051757812,292.48828125,288.713623046875,98210.875,39.67325210571289,15.668302429853753,15.41606195153058,1.0,0,F1,CST,13-JUN-50 03:00:00
10009715,1950-07-17T04:00:00+00:00,41.08,-88.43,340.875,2.5387606620788574,295.1884765625,294.42626953125,99001.0,50.975337982177734,9.067673362754418,9.100856716838454,1.0,0,F1,CST,16-JUL-50 22:15:00
10009716,1950-12-02T21:00:00+00:00,38.97,-90.05,579.6875,7.217185020446777,290.1045227050781,288.0316467285156,98229.6875,24.855323791503906,14.73892386070123,19.647577466327057,2.0,1,F2,CST,02-DEC-50 15:00:00
10009717,1950-12-02T21:00:00+00:00,39.0,-89.92,669.6875,11.029685020446777,290.3105773925781,288.2484436035156,98149.6875,25.098487854003906,14.87278899121941,19.083897941558995,2.0,1,F2,CST,02-DEC-50 15:15:00
10009718,1950-12-02T22:00:00+00:00,38.75,-89.67,536.0625,21.851430892944336,286.7647705078125,284.63336181640625,98492.25,26.310256958007812,16.02058704110307,18.45265307120833,3.0,1,F3,CST,02-DEC-50 16:00:00
10009719,1950-12-02T22:00:00+00:00,38.8,-89.6,506.375,3.8826816082000732,285.8565673828125,284.27398681640625,98274.25,26.381546020507812,15.454809743165677,18.75756128697901,3.0,1,F3,CST,02-DEC-50 16:00:00
10009720,1950-12-03T00:00:00+00:00,38.17,-89.78,219.9375,1.7588928937911987,287.84423828125,287.12261962890625,98669.5625,27.283092498779297,13.893554523987229,19.746060291619727,1.0,0,F1,CST,02-DEC-50 17:30:00
